日期 , 日本  , 南韓 , 香港 , 新加坡 , 上海 , 舟山 , CPC 
2019/7/1,562.50 ,599.25 ,554.25 ,546.00 ,561.25 ,,580.00 
2019/7/2,552.50 ,589.25 ,544.25 ,536.00 ,551.25 ,,587.00 
2019/7/3,541.50 ,578.25 ,533.25 ,525.00 ,540.25 ,,572.00 
2019/7/4,555.00 ,560.00 ,535.00 ,523.00 ,540.00 ,,567.00 
2019/7/5,560.00 ,540.00 ,536.00 ,525.00 ,542.00 ,,567.00 
2019/7/8,565.00 ,545.00 ,540.00 ,530.00 ,547.00 ,,570.00 
2019/7/9,560.00 ,544.00 ,537.00 ,527.00 ,542.00 ,,575.00 
2019/7/10,565.00 ,555.00 ,552.00 ,543.00 ,557.00 ,,575.00 
2019/7/11,592.00 ,582.00 ,579.00 ,570.00 ,584.00 ,,595.00 
2019/7/12,574.00 ,564.00 ,561.00 ,553.00 ,566.00 ,,635.00 
2019/7/15,554.00 ,544.00 ,541.00 ,540.00 ,546.00 ,,610.00 
2019/7/16,540.00 ,533.00 ,528.00 ,525.00 ,535.00 ,,585.00 
2019/7/17,542.00 ,538.00 ,529.00 ,526.00 ,536.00 ,,570.00 
2019/7/18,536.00 ,536.00 ,526.00 ,520.00 ,533.00 ,,570.00 
2019/7/19,540.00 ,541.00 ,527.00 ,522.00 ,534.00 ,,573.00 
2019/7/22,543.00 ,545.00 ,545.00 ,526.50 ,538.00 ,,578.00 
2019/7/23,532.00 ,534.00 ,530.00 ,515.00 ,527.00 ,,581.00 
2019/7/24,535.00 ,537.00 ,522.00 ,516.00 ,530.00 ,,581.00 
2019/7/25,543.00 ,545.00 ,528.00 ,523.00 ,538.00 ,,584.00 
2019/7/26,545.00 ,547.00 ,530.00 ,526.00 ,539.00 ,,599.00 
2019/7/29,544.00 ,546.00 ,529.00 ,524.00 ,538.00 ,,599.00 
2019/7/30,550.00 ,552.00 ,535.00 ,530.00 ,544.00 ,,599.00 
2019/7/31,567.00 ,569.00 ,552.00 ,548.00 ,561.00 ,,599.00 
2019/8/1,562.00 ,562.00 ,545.00 ,541.00 ,554.00 ,,599.00 
2019/8/2,536.00 ,537.00 ,520.00 ,515.00 ,529.00 ,,599.00 
2019/8/5,532.00 ,533.00 ,516.00 ,510.00 ,525.00 ,,574.00 
2019/8/6,524.00 ,524.00 ,507.00 ,500.00 ,516.00 ,,564.00 
2019/8/7,519.00 ,519.00 ,502.00 ,485.00 ,516.00 ,,554.00 
2019/8/8,504.00 ,504.00 ,487.00 ,467.00 ,501.00 ,,554.00 
2019/8/9,504.00 ,504.00 ,487.00 ,467.00 ,501.00 ,,554.00 
2019/8/12,504.00 ,504.00 ,487.00 ,467.00 ,501.00 ,,544.00 
2019/8/13,499.00 ,499.00 ,482.00 ,462.00 ,496.00 ,,534.00 
2019/8/14,515.00 ,515.00 ,498.00 ,478.00 ,512.00 ,,524.00 
2019/8/15,497.00 ,497.00 ,480.00 ,460.00 ,494.00 ,,524.00 
2019/8/16,505.00 ,505.00 ,488.00 ,468.00 ,502.00 ,,509.00 
2019/8/19,512.00 ,512.00 ,495.00 ,475.50 ,509.00 ,,514.00 
2019/8/20,513.50 ,513.50 ,496.50 ,477.00 ,510.50 ,,519.00 
2019/8/21,516.50 ,516.50 ,499.50 ,480.00 ,513.50 ,,519.00 
2019/8/22,529.00 ,529.00 ,512.00 ,492.00 ,526.00 ,,524.00 
2019/8/23,535.00 ,535.00 ,515.00 ,497.00 ,530.00 ,,534.00 
2019/8/26,538.00 ,538.00 ,518.00 ,500.00 ,533.00 ,,534.00 
2019/8/27,543.00 ,543.00 ,523.00 ,510.00 ,538.00 ,,539.00 
2019/8/28,553.00 ,553.00 ,533.00 ,520.00 ,548.00 ,,549.00 
2019/8/29,543.00 ,543.00 ,523.00 ,510.00 ,538.00 ,,579.00 
2019/8/30,553.00 ,553.00 ,553.00 ,520.00 ,548.00 ,,579.00 
2019/9/2,528.00 ,530.00 ,510.00 ,495.00 ,525.00 ,,574.00 
2019/9/3,523.00 ,525.00 ,505.00 ,490.00 ,520.00 ,,559.00 
2019/9/4,535.00 ,535.00 ,520.00 ,500.00 ,530.00 ,,549.00 
2019/9/5,550.00 ,550.00 ,535.00 ,515.00 ,545.00 ,,559.00 
2019/9/6,555.00 ,555.00 ,540.00 ,525.00 ,550.00 ,,566.00 
2019/9/9,545.00 ,546.00 ,535.00 ,520.00 ,542.00 ,,581.00 
2019/9/10,555.00 ,555.00 ,545.00 ,535.00 ,552.00 ,,586.00 
2019/9/11,545.00 ,545.00 ,535.00 ,525.00 ,542.00 ,,591.00 
2019/9/12,550.00 ,550.00 ,540.00 ,535.00 ,547.00 ,,591.00 
2019/9/13,535.00 ,535.00 ,525.00 ,520.00 ,535.00 ,,591.00 
2019/9/16,560.00 ,560.00 ,550.00 ,545.00 ,560.00 ,,631.00 
2019/9/17,595.00 ,635.00 ,590.00 ,600.00 ,620.00 ,,641.00 
2019/9/18,570.00 ,600.00 ,565.00 ,555.00 ,590.00 ,,641.00 
2019/9/19,550.00 ,560.00 ,545.00 ,540.00 ,560.00 ,,616.00 
2019/9/20,570.00 ,580.00 ,565.00 ,565.00 ,595.00 ,,616.00 
2019/9/23,560.00 ,570.00 ,560.00 ,555.00 ,585.00 ,,616.00 
2019/9/24,555.00 ,565.00 ,555.00 ,550.00 ,580.00 ,,596.00 
2019/9/25,560.00 ,570.00 ,560.00 ,550.00 ,585.00 ,,576.00 
2019/9/26,591.25 ,590.00 ,580.00 ,550.00 ,600.00 ,,587.00 
2019/9/27,584.25 ,583.00 ,570.00 ,545.00 ,590.00 ,,592.00 
2019/9/30,560.25 ,560.00 ,545.00 ,525.00 ,565.00 ,,592.00 
2019/10/1,573.25 ,570.00 ,555.00 ,520.00 ,575.00 ,,562.00 
2019/10/2,575.25 ,570.00 ,555.00 ,520.00 ,570.00 ,,562.00 
2019/10/3,585.75 ,570.00 ,550.00 ,520.00 ,570.00 ,,557.00 
2019/10/4,582.75 ,560.00 ,545.00 ,515.00 ,560.00 ,,557.00 
2019/10/5,582.75 ,560.00 ,545.00 ,515.00 ,560.00 ,,552.00 
2019/10/7,574.25 ,540.00 ,535.00 ,510.00 ,545.00 ,,549.00 
2019/10/8,572.25 ,535.00 ,530.00 ,505.00 ,540.00 ,,549.00 
2019/10/9,572.25 ,540.00 ,540.00 ,525.00 ,545.00 ,,552.00 
2019/10/10,587.25 ,550.00 ,550.00 ,530.00 ,555.00 ,,552.00 
2019/10/11,607.75 ,565.00 ,560.00 ,545.00 ,565.00 ,,552.00 
2019/10/14,590.00 ,550.00 ,545.00 ,535.00 ,550.00 ,,582.00 
2019/10/15,594.25 ,554.25 ,550.00 ,530.00 ,555.00 ,,567.00 
2019/10/16,594.25 ,554.25 ,550.00 ,532.00 ,557.00 ,,597.00 
2019/10/17,600.00 ,560.00 ,550.00 ,535.00 ,557.00 ,,597.00 
2019/10/18,605.00 ,570.00 ,545.00 ,545.00 ,555.00 ,,612.00 
2019/10/21,603.75 ,565.00 ,540.00 ,538.00 ,550.00 ,,612.00 
2019/10/22,595.00 ,565.00 ,540.00 ,535.00 ,550.00 ,,607.00 
2019/10/23,593.75 ,563.00 ,541.00 ,535.00 ,550.00 ,,607.00 
2019/10/24,606.75 ,569.00 ,549.00 ,540.00 ,560.00 ,,607.00 
2019/10/25,601.25 ,565.00 ,550.00 ,542.00 ,560.00 ,,607.00 
2019/10/28,601.25 ,565.00 ,550.00 ,542.00 ,560.00 ,,607.00 
2019/10/29,591.25 ,565.00 ,555.00 ,540.00 ,560.00 ,,607.00 
2019/10/30,597.25 ,571.00 ,561.00 ,545.00 ,565.00 ,,602.00 
2019/10/31,591.25 ,565.00 ,553.00 ,544.00 ,560.00 ,,602.00 
2019/11/1,587.00 ,560.00 ,548.00 ,539.00 ,555.00 ,,602.00 
2019/11/4,592.00 ,565.00 ,550.00 ,540.00 ,560.00 ,,602.00 
2019/11/5,590.25 ,565.00 ,550.00 ,540.00 ,560.00 ,,602.00 
2019/11/6,598.25 ,565.00 ,550.00 ,540.00 ,560.00 ,,602.00 
2019/11/7,591.75 ,563.00 ,548.00 ,540.00 ,558.00 ,,602.00 
2019/11/8,590.75 ,559.00 ,541.00 ,540.00 ,553.00 ,,597.00 
2019/11/11,585.75 ,555.00 ,540.00 ,535.00 ,550.00 ,,587.00 
2019/11/12,597.75 ,560.00 ,540.00 ,535.00 ,553.00 ,,587.00 
2019/11/13,581.75 ,553.00 ,530.00 ,530.00 ,550.00 ,,587.00 
2019/11/14,575.75 ,553.00 ,535.00 ,535.00 ,550.00 ,,582.00 
2019/11/15,584.75 ,560.00 ,545.00 ,539.00 ,559.00 ,,592.00 
2019/11/18,604.75 ,560.00 ,550.00 ,545.00 ,560.00 ,,602.00 
2019/11/19,588.75 ,555.00 ,535.00 ,530.00 ,545.00 ,,602.00 
2019/11/20,578.75 ,545.00 ,525.00 ,520.00 ,535.00 ,,597.00 
2019/11/21,589.75 ,571.00 ,530.00 ,528.00 ,545.00 ,,592.00 
2019/11/22,598.75 ,575.00 ,540.00 ,540.00 ,555.00 ,,602.00 
2019/11/25,590.75 ,575.00 ,545.00 ,540.00 ,560.00 ,,602.00 
2019/11/26,593.25 ,572.00 ,549.00 ,542.00 ,560.00 ,,607.00 
2019/11/27,600.00 ,575.00 ,550.00 ,549.00 ,565.00 ,,617.00 
2019/11/28,600.00 ,575.00 ,550.00 ,549.00 ,563.00 ,,627.00 
2019/11/29,590.00 ,565.00 ,550.00 ,545.00 ,560.00 ,,627.00 
2019/12/2,585.00 ,560.00 ,545.00 ,537.00 ,550.00 ,,627.00 
2019/12/3,580.00 ,566.00 ,545.00 ,547.00 ,550.00 ,,622.00 
2019/12/4,570.00 ,566.00 ,543.00 ,554.00 ,550.00 ,,627.00 
2019/12/5,571.75 ,560.00 ,545.00 ,562.00 ,560.00 ,,627.00 
2019/12/6,581.25 ,570.00 ,555.00 ,575.00 ,570.00 ,,627.00 
2019/12/9,591.75 ,580.00 ,558.00 ,577.00 ,585.00 ,,632.00 
2019/12/10,587.25 ,580.00 ,556.00 ,579.00 ,595.00 ,,642.00 
2019/12/11,580.00 ,595.00 ,581.25 ,580.00 ,610.00 ,,637.00 
2019/12/12,578.75 ,597.00 ,589.25 ,580.00 ,610.00 ,,647.00 
2019/12/13,589.00 ,609.00 ,600.00 ,592.00 ,611.00 ,,642.00 
2019/12/16,601.00 ,625.00 ,612.00 ,605.00 ,615.00 ,,657.00 
2019/12/17,616.25 ,645.00 ,620.00 ,620.00 ,625.00 ,,677.00 
2019/12/18,625.00 ,645.00 ,630.00 ,630.00 ,635.00 ,,681.00 
2019/12/19,620.00 ,645.00 ,630.00 ,635.00 ,640.00 ,,697.00 
2019/12/20,630.00 ,655.00 ,650.00 ,650.00 ,660.00 ,,697.00 
2019/12/23,615.00 ,650.00 ,635.00 ,650.00 ,660.00 ,,702.00 
2019/12/24,615.00 ,652.00 ,640.00 ,655.00 ,660.00 ,,697.00 
2019/12/25,615.00 ,652.00 ,640.00 ,655.00 ,660.00 ,,702.00 
2019/12/26,605.00 ,665.00 ,655.00 ,670.00 ,674.00 ,,702.00 
2019/12/27,629.38 ,660.00 ,665.00 ,685.00 ,675.00 ,,717.00 
2019/12/30,635.00 ,660.00 ,675.00 ,695.00 ,685.00 ,,722.00 
2019/12/31,631.00 ,656.00 ,685.00 ,690.00 ,695.00 ,,727.00 
2020/1/2,638.00 ,665.00 ,695.00 ,700.00 ,700.00 ,,732.00 
2020/1/3,658.00 ,700.75 ,713.00 ,730.00 ,720.00 ,,737.00 
2020/1/6,665.00 ,700.00 ,720.00 ,740.00 ,735.00 ,,767.00 
2020/1/7,650.00 ,680.00 ,720.00 ,730.00 ,750.00 ,,770.00 
2020/1/8,640.00 ,675.00 ,720.00 ,725.00 ,745.00 ,,767.00 
2020/1/9,620.00 ,655.00 ,700.00 ,710.00 ,725.00 ,,767.00 
2020/1/10,630.00 ,650.00 ,695.00 ,695.00 ,710.00 ,,757.00 
2020/1/13,660.00 ,675.25 ,695.00 ,695.00 ,710.00 ,,742.00 
2020/1/14,650.00 ,665.00 ,678.00 ,670.00 ,690.00 ,,727.00 
2020/1/15,646.00 ,655.00 ,655.00 ,665.00 ,685.00 ,,717.00 
2020/1/16,650.00 ,650.00 ,660.00 ,650.00 ,680.00 ,,707.00 
2020/1/17,655.00 ,650.00 ,660.00 ,645.00 ,680.00 ,,697.00 
2020/1/20,665.00 ,650.00 ,665.00 ,654.00 ,685.00 ,,702.00 
2020/1/21,655.00 ,640.00 ,660.00 ,650.00 ,675.00 ,,712.00 
2020/1/22,655.00 ,635.00 ,650.00 ,635.00 ,670.00 ,,717.00 
2020/1/23,635.00 ,636.00 ,630.00 ,615.00 ,650.00 ,,717.00 
2020/1/24,635.00 ,630.00 ,625.00 ,620.00 ,650.00 ,,717.00 
2020/1/28,600.00 ,590.00 ,580.00 ,575.00 ,605.00 ,,717.00 
2020/1/29,615.00 ,580.00 ,585.00 ,590.00 ,610.00 ,,717.00 
2020/1/30,600.00 ,570.00 ,570.00 ,575.00 ,595.00 ,,687.00 
2020/1/31,595.00 ,560.00 ,565.00 ,565.00 ,585.00 ,,667.00 
2020/2/3,570.00 ,550.00 ,550.00 ,545.00 ,585.00 ,,647.00 
2020/2/4,555.00 ,540.00 ,540.00 ,540.00 ,580.00 ,,612.00 
2020/2/5,545.00 ,535.00 ,535.00 ,530.00 ,575.00 ,,602.00 
2020/2/6,560.00 ,550.00 ,550.00 ,545.00 ,580.00 ,,592.00 
2020/2/7,550.00 ,556.00 ,540.00 ,535.00 ,570.00 ,,602.00 
2020/2/10,530.00 ,535.00 ,525.00 ,510.00 ,550.00 ,,587.00 
2020/2/11,525.00 ,535.00 ,520.00 ,505.00 ,550.00 ,,562.00 
2020/2/12,525.00 ,535.00 ,525.00 ,520.00 ,545.00 ,,552.00 
2020/2/13,520.00 ,530.00 ,525.00 ,515.00 ,540.00 ,,552.00 
2020/2/14,527.25 ,535.00 ,526.00 ,510.00 ,540.00 ,,542.00 
2020/2/15,527.25 ,535.00 ,526.00 ,510.00 ,540.00 ,,542.00 
2020/2/17,525.00 ,530.00 ,520.00 ,510.00 ,535.00 ,,537.00 
2020/2/18,522.00 ,523.00 ,515.00 ,500.00 ,530.00 ,,532.00 
2020/2/19,520.00 ,520.00 ,515.00 ,505.00 ,520.00 ,,527.00 
2020/2/20,520.00 ,525.00 ,506.50 ,505.00 ,525.00 ,,532.00 
2020/2/21,514.00 ,535.00 ,505.00 ,495.00 ,515.00 ,,532.00 
2020/2/24,490.00 ,509.00 ,490.00 ,475.00 ,495.00 ,,522.00 
2020/2/25,490.00 ,500.00 ,485.00 ,470.00 ,490.00 ,,502.00 
2020/2/26,470.00 ,460.00 ,460.00 ,445.00 ,460.00 ,,502.00 
2020/2/27,440.00 ,435.00 ,435.00 ,420.00 ,435.00 ,,487.00 
2020/2/28,435.00 ,420.00 ,430.00 ,418.00 ,425.00 ,,487.00 
2020/3/2,440.00 ,430.00 ,440.00 ,430.00 ,430.00 ,,462.00 
2020/3/3,435.00 ,430.00 ,440.00 ,435.00 ,435.00 ,,472.00 
2020/3/4,425.00 ,425.00 ,430.00 ,430.00 ,430.00 ,,472.00 
2020/3/5,420.00 ,420.00 ,430.00 ,425.00 ,430.00 ,,457.00 
2020/3/6,395.00 ,400.00 ,410.00 ,405.00 ,415.00 ,,452.00 
2020/3/9,324.00 ,330.00 ,345.00 ,325.00 ,355.00 ,,412.00 
2020/3/10,333.50 ,335.00 ,350.00 ,335.00 ,358.00 ,,362.00 
2020/3/11,335.00 ,339.00 ,355.00 ,345.00 ,360.00 ,,367.00 
2020/3/12,326.25 ,324.75 ,330.00 ,320.00 ,330.00 ,,372.00 
2020/3/13,342.75 ,325.00 ,335.00 ,325.00 ,345.00 ,,352.00 
2020/3/16,317.25 ,295.00 ,305.00 ,290.00 ,315.00 ,,362.00 
2020/3/17,319.25 ,295.00 ,300.00 ,290.00 ,315.00 ,,332.00 
2020/3/18,299.75 ,275.00 ,280.00 ,267.00 ,290.00 ,,332.00 
2020/3/19,286.25 ,275.75 ,260.00 ,255.00 ,270.00 ,,322.00 
2020/3/20,305.00 ,300.40 ,290.00 ,290.00 ,300.00 ,,312.00 
2020/3/23,291.25 ,258.50 ,270.00 ,260.00 ,270.00 ,,307.00 
2020/3/24,307.25 ,259.00 ,280.00 ,274.00 ,280.00 ,,302.00 
2020/3/25,315.75 ,260.00 ,280.00 ,278.00 ,280.00 ,,307.00 
2020/3/26,303.00 ,248.00 ,270.00 ,265.00 ,270.00 ,,307.00 
2020/3/27,295.00 ,259.00 ,265.00 ,260.00 ,270.00 ,,302.00 
2020/3/30,285.00 ,260.50 ,265.00 ,260.00 ,265.00 ,,292.00 
2020/3/31,279.00 ,267.50 ,260.00 ,257.00 ,260.00 ,,292.00 
2020/4/1,265.00 ,244.00 ,245.00 ,243.00 ,250.00 ,,300.00 
2020/4/2,255.00 ,239.00 ,240.00 ,238.00 ,245.00 ,,300.00 
2020/4/3,255.00 ,255.00 ,250.00 ,250.00 ,255.00 ,,300.00 
2020/4/6,265.00 ,264.75 ,260.00 ,263.00 ,265.00 ,,310.00 
2020/4/7,270.00 ,275.25 ,260.00 ,265.00 ,267.00 ,,315.00 
2020/4/8,265.00 ,265.50 ,255.00 ,260.00 ,260.00 ,,315.00 
2020/4/9,260.00 ,268.00 ,255.00 ,257.00 ,260.00 ,,310.00 
2020/4/10,260.00 ,268.00 ,255.00 ,257.00 ,260.00 ,,310.00 
2020/4/13,240.00 ,267.00 ,245.00 ,240.00 ,240.00 ,,310.00 
2020/4/14,250.00 ,268.50 ,250.00 ,249.00 ,250.00 ,,295.00 
2020/4/15,230.00 ,267.50 ,230.00 ,235.00 ,235.00 ,,295.00 
2020/4/16,235.00 ,259.50 ,235.00 ,250.00 ,240.00 ,,280.00 
2020/4/17,240.00 ,255.00 ,240.00 ,255.00 ,245.00 ,,280.00 
2020/4/20,240.00 ,255.00 ,240.00 ,250.00 ,240.00 ,,280.00 
2020/4/21,222.75 ,230.00 ,213.00 ,220.00 ,215.00 ,,280.00 
2020/4/22,201.25 ,217.00 ,170.00 ,190.00 ,185.00 ,,265.00 
2020/4/23,222.25 ,237.00 ,200.00 ,220.00 ,210.00 ,,255.00 
2020/4/24,226.25 ,237.00 ,195.00 ,215.00 ,210.00 ,,262.00 
2020/4/27,218.75 ,215.00 ,195.00 ,210.00 ,205.00 ,,257.00 
2020/4/28,203.25 ,192.75 ,190.00 ,195.00 ,200.00 ,,247.00 
2020/4/29,200.00 ,195.00 ,200.00 ,210.00 ,205.00 ,,237.00 
2020/4/30,226.75 ,238.00 ,225.00 ,235.00 ,230.00 ,,242.00 
2020/5/4,215.00 ,229.50 ,218.00 ,225.50 ,223.00 ,,257.00 
2020/5/5,235.00 ,230.00 ,240.00 ,247.00 ,245.00 ,,267.00 
2020/5/6,245.00 ,235.00 ,250.00 ,255.00 ,255.00 ,,282.00 
2020/5/7,245.00 ,235.00 ,250.00 ,255.00 ,255.00 ,,297.00 
2020/5/8,230.00 ,220.00 ,240.00 ,240.00 ,245.00 ,,307.00 
2020/5/11,241.75 ,223.00 ,245.00 ,250.00 ,251.00 ,,297.00 
2020/5/12,239.75 ,235.75 ,239.00 ,242.00 ,244.00 ,,302.00 
2020/5/13,229.75 ,210.00 ,227.00 ,230.00 ,230.00 ,,292.00 
2020/5/14,232.75 ,226.00 ,233.00 ,233.00 ,235.00 ,,282.00 
2020/5/15,235.00 ,266.25 ,245.00 ,245.00 ,250.00 ,,287.00 
2020/5/18,245.00 ,291.25 ,260.00 ,265.00 ,270.00 ,,302.00 
2020/5/19,251.00 ,266.00 ,270.00 ,270.00 ,279.00 ,,312.00 
2020/5/20,245.00 ,271.00 ,265.00 ,270.00 ,270.00 ,,312.00 
2020/5/21,249.00 ,295.00 ,275.00 ,277.00 ,279.00 ,,307.00 
2020/5/22,233.00 ,295.00 ,264.00 ,263.00 ,265.00 ,,312.00 
2020/5/25,233.00 ,295.00 ,264.00 ,263.00 ,265.00 ,,297.00 
2020/5/26,267.25 ,317.50 ,285.00 ,284.00 ,285.00 ,,297.00 
2020/5/27,275.75 ,299.25 ,275.00 ,275.00 ,275.00 ,,307.00 
2020/5/28,260.50 ,280.00 ,270.00 ,257.00 ,265.00 ,,302.00 
2020/5/29,266.00 ,275.00 ,270.00 ,257.00 ,265.00 ,,292.00 
2020/6/1,286.00 ,303.00 ,285.00 ,285.00 ,290.00 ,,297.00 
2020/6/2,299.00 ,309.00 ,295.00 ,291.00 ,300.00 ,,317.00 
2020/6/3,310.00 ,310.00 ,305.00 ,299.00 ,310.00 ,,327.00 
2020/6/4,299.00 ,300.00 ,300.00 ,289.00 ,302.00 ,,332.00 
2020/6/5,300.00 ,320.25 ,305.00 ,300.00 ,308.00 ,,322.00 
2020/6/8,310.00 ,322.00 ,315.00 ,320.00 ,325.00 ,,332.00 
2020/6/9,295.00 ,320.25 ,305.00 ,305.00 ,310.00 ,,347.00 
2020/6/10,300.00 ,341.50 ,315.00 ,314.00 ,318.00 ,,337.00 
2020/6/11,295.00 ,330.00 ,320.00 ,318.00 ,319.00 ,,342.00 
2020/6/12,276.50 ,306.50 ,300.00 ,298.00 ,300.00 ,,337.00 
2020/6/15,276.00 ,316.00 ,310.00 ,300.00 ,308.00 ,,327.00 
2020/6/16,292.00 ,325.00 ,325.00 ,317.00 ,327.00 ,,327.00 
2020/6/17,292.00 ,320.00 ,330.00 ,325.00 ,335.00 ,,337.00 
2020/6/18,290.00 ,333.00 ,342.50 ,320.00 ,340.00 ,,342.00 
2020/6/19,295.00 ,330.00 ,351.50 ,325.00 ,345.00 ,,347.00 
2020/6/22,295.00 ,330.00 ,350.00 ,325.00 ,340.00 ,,352.00 
2020/6/23,305.00 ,340.00 ,355.00 ,331.00 ,345.00 ,,347.00 
2020/6/24,300.00 ,345.00 ,343.00 ,322.00 ,335.00 ,,352.00 
2020/6/25,300.50 ,346.25 ,330.00 ,310.00 ,325.00 ,,352.00 
2020/6/26,311.00 ,345.00 ,336.00 ,317.00 ,330.00 ,,352.00 
2020/6/29,295.00 ,336.75 ,325.00 ,307.00 ,320.00 ,,347.00 
2020/6/30,315.00 ,340.00 ,335.00 ,315.00 ,329.00 ,,337.00 
2020/7/1,329.00 ,361.00 ,350.00 ,330.00 ,340.00 ,,342.00 
2020/7/2,332.00 ,366.50 ,355.00 ,330.00 ,340.00 ,,352.00 
2020/7/3,330.00 ,366.50 ,355.00 ,326.00 ,339.00 ,,352.00 
2020/7/6,339.00 ,373.50 ,364.00 ,335.00 ,348.00 ,,352.00 
2020/7/7,330.00 ,350.00 ,367.00 ,325.00 ,338.00 ,,362.00 
2020/7/8,332.00 ,365.25 ,364.00 ,329.00 ,340.00 ,,357.00 
2020/7/9,331.00 ,367.75 ,357.50 ,330.00 ,340.00 ,,361.00 
2020/7/10,331.00 ,367.75 ,357.50 ,330.00 ,340.00 ,,361.00 
2020/7/13,330.00 ,363.75 ,350.00 ,330.00 ,333.00 ,,358.00 
2020/7/14,325.00 ,356.50 ,345.00 ,325.00 ,330.00 ,,352.00 
2020/7/15,327.00 ,361.00 ,348.00 ,333.00 ,336.00 ,,349.00 
2020/7/16,330.00 ,353.00 ,345.00 ,331.00 ,340.00 ,,354.00 
2020/7/17,329.00 ,361.50 ,340.00 ,335.00 ,340.00 ,,351.00 
2020/7/20,337.75 ,361.00 ,340.00 ,330.00 ,339.00 ,,349.00 
2020/7/21,359.75 ,362.00 ,350.00 ,345.00 ,350.00 ,,349.00 
2020/7/22,345.00 ,365.00 ,353.00 ,350.00 ,354.00 ,,361.00 
2020/7/23,350.00 ,370.00 ,358.00 ,355.00 ,355.00 ,,366.00 
2020/7/24,340.00 ,365.50 ,345.00 ,343.00 ,344.00 ,,371.00 
2020/7/27,338.00 ,360.25 ,345.00 ,343.00 ,344.00 ,,366.00 
2020/7/28,339.00 ,366.25 ,350.00 ,345.00 ,345.00 ,,369.00 
2020/7/29,360.25 ,361.25 ,355.00 ,345.00 ,350.00 ,,366.00 
2020/7/30,352.75 ,362.00 ,350.00 ,340.00 ,345.00 ,,369.00 
2020/7/31,352.75 ,362.00 ,350.00 ,340.00 ,345.00 ,,366.00 
2020/8/3,343.50 ,361.75 ,340.00 ,330.00 ,340.00 ,,366.00 
2020/8/4,360.25 ,355.00 ,335.00 ,330.00 ,340.00 ,,361.00 
2020/8/5,352.50 ,367.50 ,345.00 ,345.00 ,345.00 ,,363.00 
2020/8/6,349.25 ,365.50 ,345.00 ,342.00 ,345.00 ,,368.00 
2020/8/7,340.00 ,368.00 ,340.00 ,340.00 ,345.00 ,,373.00 
2020/8/10,340.00 ,368.00 ,340.00 ,340.00 ,345.00 ,,363.00 
2020/8/11,342.00 ,371.00 ,340.00 ,344.00 ,350.00 ,,366.00 
2020/8/12,340.00 ,373.00 ,335.00 ,345.00 ,348.00 ,,371.00 
2020/8/13,340.00 ,373.00 ,335.00 ,346.00 ,350.00 ,,376.00 
2020/8/14,337.00 ,378.00 ,330.00 ,341.00 ,345.00 ,,376.00 
2020/8/17,338.00 ,375.00 ,332.00 ,341.00 ,345.00 ,,371.00 
2020/8/18,340.00 ,373.50 ,335.00 ,345.00 ,350.00 ,,374.00 
2020/8/19,336.00 ,365.00 ,332.00 ,345.00 ,349.00 ,,374.00 
2020/8/20,333.00 ,377.25 ,330.00 ,343.00 ,345.00 ,,379.00 
2020/8/21,341.00 ,377.00 ,330.00 ,339.00 ,342.00 ,,379.00 
2020/8/24,341.50 ,377.50 ,330.00 ,340.00 ,340.00 ,,374.00 
2020/8/25,349.00 ,380.50 ,335.00 ,345.00 ,345.00 ,,374.00 
2020/8/26,350.00 ,381.00 ,340.00 ,347.00 ,347.00 ,,377.00 
2020/8/27,347.00 ,377.00 ,335.00 ,345.00 ,345.00 ,,377.00 
2020/8/28,341.00 ,363.00 ,325.00 ,338.00 ,340.00 ,,374.00 
2020/8/31,352.00 ,377.00 ,331.00 ,348.00 ,350.00 ,,369.00 
2020/9/1,344.50 ,360.00 ,330.00 ,343.00 ,345.00 ,,375.00 
2020/9/2,349.50 ,360.50 ,335.00 ,343.00 ,350.00 ,,370.00 
2020/9/3,335.00 ,340.00 ,320.00 ,325.00 ,340.00 ,,365.00 
2020/9/4,337.00 ,351.00 ,344.50 ,329.00 ,340.00 ,,350.00 
2020/9/7,323.50 ,339.75 ,325.00 ,315.00 ,330.00 ,,347.00 
2020/9/8,324.00 ,337.50 ,318.00 ,309.00 ,324.00 ,,337.00 
2020/9/9,319.50 ,315.50 ,305.00 ,304.00 ,319.00 ,,334.00 
2020/9/10,325.50 ,319.50 ,306.00 ,309.00 ,320.00 ,,329.00 
2020/9/11,321.50 ,315.50 ,302.00 ,305.00 ,315.00 ,,332.00 
2020/9/14,325.00 ,315.00 ,300.00 ,309.00 ,315.00 ,,327.00 
2020/9/15,325.00 ,317.00 ,300.00 ,310.00 ,315.00 ,,327.00 
2020/9/16,339.75 ,325.00 ,315.00 ,330.00 ,330.00 ,,330.00 
2020/9/17,335.75 ,325.00 ,310.00 ,325.00 ,325.00 ,,348.00 
2020/9/18,342.50 ,345.50 ,309.00 ,335.00 ,330.00 ,,343.00 
2020/9/21,333.00 ,340.50 ,305.00 ,329.00 ,325.00 ,,353.00 
2020/9/22,330.00 ,330.00 ,300.00 ,324.00 ,320.00 ,,348.00 
2020/9/23,333.50 ,343.50 ,295.00 ,324.00 ,320.00 ,,353.00 
2020/9/24,329.50 ,347.00 ,290.00 ,322.00 ,320.00 ,,350.00 
2020/9/25,339.00 ,340.00 ,300.00 ,329.00 ,330.00 ,,347.00 
2020/9/26,339.00 ,340.00 ,300.00 ,329.00 ,330.00 ,,352.00 
2020/9/28,336.00 ,344.00 ,300.00 ,328.00 ,325.00 ,,352.00 
2020/9/29,338.50 ,346.00 ,305.00 ,330.00 ,325.00 ,,357.00 
2020/9/30,335.75 ,340.00 ,300.00 ,326.00 ,325.00 ,,360.00 
2020/10/1,341.00 ,345.00 ,310.00 ,333.00 ,335.00 ,,360.00 
2020/10/2,328.00 ,332.50 ,300.00 ,320.00 ,321.00 ,,360.00 
2020/10/5,332.50 ,337.00 ,305.00 ,325.00 ,325.00 ,,350.00 
2020/10/6,338.80 ,344.00 ,310.00 ,335.00 ,335.00 ,,355.00 
2020/10/7,340.00 ,347.50 ,317.00 ,337.00 ,339.00 ,,358.00 
2020/10/8,330.00 ,345.00 ,320.00 ,340.00 ,340.00 ,,363.00 
2020/10/9,325.00 ,354.75 ,320.00 ,345.00 ,345.00 ,,363.00 
2020/10/12,320.00 ,352.25 ,320.00 ,340.00 ,340.00 ,,363.00 
2020/10/13,315.00 ,345.00 ,315.00 ,341.00 ,342.00 ,,363.00 
2020/10/14,312.00 ,348.00 ,315.00 ,341.00 ,345.00 ,,360.00 
2020/10/15,320.00 ,351.00 ,321.00 ,347.00 ,353.00 ,,360.00 
2020/10/16,318.00 ,350.00 ,325.00 ,345.00 ,350.00 ,,363.00 
2020/10/19,315.00 ,356.50 ,324.00 ,341.00 ,347.00 ,,363.00 
2020/10/20,313.00 ,343.75 ,320.00 ,337.00 ,345.00 ,,358.00 
2020/10/21,313.00 ,343.75 ,320.00 ,337.00 ,344.00 ,,353.00 
2020/10/22,316.00 ,339.00 ,315.00 ,334.00 ,343.00 ,,353.00 
2020/10/23,340.25 ,346.00 ,320.00 ,337.00 ,345.00 ,,349.00 
2020/10/26,343.50 ,333.50 ,305.00 ,325.00 ,335.00 ,,352.00 
2020/10/27,330.00 ,339.00 ,310.00 ,329.00 ,338.00 ,,344.00 
2020/10/28,327.50 ,330.00 ,305.00 ,322.00 ,332.00 ,,347.00 
2020/10/29,324.00 ,322.00 ,305.00 ,319.00 ,330.00 ,,341.00 
2020/10/30,320.00 ,321.00 ,328.75 ,314.00 ,325.00 ,,341.00 
2020/11/2,309.00 ,310.50 ,298.00 ,305.00 ,320.00 ,,334.00 
2020/11/3,330.00 ,335.00 ,346.75 ,333.00 ,345.00 ,,324.00 
2020/11/4,330.00 ,335.50 ,324.00 ,330.00 ,345.00 ,,344.00 
2020/11/5,340.00 ,336.00 ,330.00 ,339.00 ,354.00 ,,344.00 
2020/11/6,338.00 ,337.00 ,325.00 ,335.00 ,350.00 ,,352.00 
2020/11/9,340.00 ,340.00 ,327.00 ,335.00 ,340.00 ,,357.00 
2020/11/10,355.00 ,350.00 ,345.00 ,355.00 ,352.00 ,,367.00 
2020/11/11,365.00 ,365.00 ,357.00 ,367.00 ,365.00 ,,377.00 
2020/11/12,360.00 ,358.00 ,350.00 ,355.00 ,358.00 ,,382.00 
2020/11/13,352.50 ,359.50 ,341.00 ,350.00 ,350.00 ,,377.00 
2020/11/16,360.50 ,350.00 ,349.00 ,355.00 ,355.00 ,,377.00 
2020/11/17,360.50 ,365.00 ,351.00 ,357.00 ,355.00 ,,377.00 
2020/11/18,365.50 ,365.00 ,356.00 ,365.00 ,355.00 ,,374.00 
2020/11/19,363.00 ,370.00 ,354.00 ,362.00 ,353.00 ,,377.00 
2020/11/20,365.00 ,377.50 ,357.00 ,365.00 ,356.00 ,,377.00 
2020/11/23,372.00 ,384.75 ,365.00 ,372.00 ,363.00 ,,380.00 
2020/11/24,375.00 ,391.00 ,370.00 ,375.00 ,365.50 ,,387.00 
2020/11/25,385.00 ,400.00 ,380.00 ,384.00 ,375.00 ,,392.00 
2020/11/26,383.75 ,402.75 ,380.00 ,380.00 ,373.75 ,,397.00 
2020/11/27,381.75 ,403.75 ,382.50 ,377.00 ,370.00 ,,392.00 
2020/11/30,380.00 ,403.75 ,380.00 ,376.00 ,380.00 ,,387.00 
2020/12/1,382.00 ,411.75 ,382.00 ,380.00 ,395.00 ,,387.00 
2020/12/2,375.00 ,395.00 ,375.00 ,370.00 ,387.00 ,,387.00 
2020/12/3,385.00 ,406.50 ,388.00 ,380.00 ,394.00 ,,382.00 
2020/12/4,394.00 ,416.00 ,393.00 ,390.00 ,403.00 ,,392.00 
2020/12/7,382.00 ,406.00 ,383.00 ,381.50 ,395.00 ,,407.00 
2020/12/8,379.00 ,411.00 ,380.00 ,381.00 ,395.00 ,,402.00 
2020/12/9,384.00 ,416.50 ,404.00 ,387.00 ,400.00 ,,405.00 
2020/12/10,380.00 ,414.50 ,389.00 ,387.00 ,399.00 ,,402.00 
2020/12/11,389.00 ,423.50 ,393.00 ,396.00 ,409.00 ,,410.00 
2020/12/14,398.00 ,427.50 ,395.00 ,399.00 ,412.00 ,,415.00 
2020/12/15,396.00 ,424.50 ,392.00 ,393.00 ,409.00 ,,418.00 
2020/12/16,401.00 ,419.50 ,395.00 ,398.00 ,414.00 ,,415.00 
2020/12/17,408.00 ,426.50 ,418.50 ,404.00 ,418.00 ,,418.00 
2020/12/18,406.50 ,425.00 ,403.75 ,402.50 ,417.00 ,,425.00 
2020/12/21,400.25 ,421.75 ,400.00 ,393.00 ,410.00 ,,420.00 
2020/12/22,400.00 ,420.50 ,400.00 ,392.00 ,408.00 ,,417.00 
2020/12/23,400.00 ,415.00 ,400.00 ,392.00 ,405.00 ,,414.00 
2020/12/24,420.00 ,433.75 ,419.25 ,412.00 ,424.00 ,,417.00 
2020/12/25,420.00 ,433.75 ,419.25 ,412.00 ,424.00 ,,437.00 
2020/12/28,420.00 ,448.75 ,419.00 ,407.00 ,424.00 ,,437.00 
2020/12/29,418.00 ,449.75 ,418.00 ,406.00 ,424.00 ,,437.00 
2020/12/30,420.00 ,453.25 ,419.00 ,409.50 ,430.00 ,,434.00 
2020/12/31,420.00 ,450.00 ,420.00 ,410.00 ,430.00 ,,437.00 
2021/1/4,434.00 ,467.00 ,434.00 ,425.00 ,445.00 ,,432.00 
2021/1/5,425.00 ,450.00 ,403.00 ,410.00 ,430.00 ,,440.00 
2021/1/6,437.00 ,464.00 ,418.00 ,425.00 ,445.00 ,,447.00 
2021/1/7,440.00 ,454.00 ,423.00 ,428.00 ,448.00 ,,460.00 
2021/1/8,443.00 ,466.00 ,426.00 ,430.00 ,450.00 ,,463.00 
2021/1/11,450.00 ,475.50 ,433.00 ,438.50 ,457.00 ,,463.00 
2021/1/12,455.00 ,482.75 ,438.00 ,447.00 ,460.00 ,,461.00 
2021/1/13,459.00 ,493.25 ,442.00 ,451.00 ,462.00 ,,468.00 
2021/1/14,457.00 ,498.25 ,440.00 ,448.00 ,455.00 ,,470.00 
2021/1/15,455.00 ,495.00 ,438.00 ,447.00 ,453.00 ,,473.00 
2021/1/18,450.00 ,498.50 ,433.00 ,442.50 ,448.00 ,,469.00 
2021/1/19,454.00 ,504.00 ,436.00 ,446.00 ,452.00 ,,464.00 
2021/1/20,465.00 ,517.00 ,445.00 ,455.00 ,455.00 ,,470.00 
2021/1/21,465.00 ,509.00 ,440.00 ,449.00 ,450.00 ,,476.00 
2021/1/22,460.00 ,505.00 ,435.00 ,444.00 ,443.00 ,,473.00 
2021/1/25,460.00 ,500.00 ,437.00 ,445.00 ,445.00 ,,470.00 
2021/1/26,461.00 ,512.00 ,438.00 ,447.00 ,446.00 ,,472.00 
2021/1/27,463.00 ,515.00 ,444.00 ,452.00 ,452.00 ,,475.00 
2021/1/28,455.00 ,509.00 ,440.00 ,448.00 ,447.00 ,,480.00 
2021/1/29,455.00 ,511.00 ,440.00 ,449.00 ,448.00 ,,475.00 
2021/2/1,461.00 ,516.75 ,446.00 ,455.00 ,454.00 ,,472.00 
2021/2/2,462.00 ,507.00 ,458.00 ,467.00 ,466.00 ,,482.00 
2021/2/3,465.00 ,518.00 ,461.00 ,470.00 ,469.00 ,,492.00 
2021/2/4,477.00 ,516.00 ,470.00 ,478.00 ,478.00 ,,496.00 
2021/2/5,487.00 ,505.00 ,475.00 ,486.00 ,486.00 ,,501.00 
2021/2/8,495.00 ,513.00 ,483.00 ,494.00 ,494.00 ,,507.00 
2021/2/9,503.00 ,518.00 ,491.00 ,502.00 ,502.00 ,,519.00 
2021/2/10,500.00 ,519.00 ,488.00 ,500.00 ,499.00 ,,519.00 
2021/2/11,498.00 ,516.00 ,488.00 ,496.00 ,496.00 ,,519.00 
2021/2/15,512.00 ,520.00 ,503.00 ,508.00 ,510.00 ,,519.00 
2021/2/16,511.00 ,523.00 ,501.00 ,506.00 ,509.00 ,,519.00 
2021/2/17,513.00 ,511.00 ,504.00 ,514.00 ,511.00 ,,527.00 
2021/2/18,520.25 ,525.75 ,511.00 ,515.00 ,518.00 ,,530.00 
2021/2/19,510.25 ,504.75 ,495.00 ,499.00 ,505.00 ,,533.00 
2021/2/20,510.25 ,504.75 ,495.00 ,499.00 ,505.00 ,,523.00 
2021/2/22,515.00 ,520.00 ,507.00 ,501.00 ,508.00 ,,520.00 
2021/2/23,525.00 ,536.50 ,524.00 ,520.00 ,528.00 ,,525.00 
2021/2/24,524.50 ,532.00 ,516.00 ,513.00 ,515.00 ,,538.00 
2021/2/25,540.00 ,552.00 ,531.00 ,529.00 ,530.00 ,,540.00 
2021/2/26,532.50 ,543.00 ,519.00 ,516.00 ,520.00 ,,552.00 
2021/3/1,529.00 ,538.00 ,518.00 ,514.00 ,522.00 ,,552.00 
2021/3/2,510.00 ,525.00 ,498.00 ,491.00 ,502.00 ,,537.00 
2021/3/3,510.00 ,540.00 ,503.00 ,496.00 ,508.00 ,,519.00 
2021/3/4,517.00 ,535.00 ,510.00 ,503.00 ,509.00 ,,522.00 
2021/3/5,533.00 ,538.00 ,528.00 ,524.00 ,535.00 ,,532.00 
2021/3/8,544.00 ,556.00 ,539.00 ,533.00 ,550.00 ,,554.00 
2021/3/9,529.00 ,542.00 ,524.00 ,519.00 ,535.00 ,,557.00 
2021/3/10,521.00 ,530.00 ,516.00 ,511.00 ,527.00 ,,544.00 
2021/3/11,532.00 ,540.00 ,526.00 ,521.00 ,531.00 ,,534.00 
2021/3/12,535.00 ,539.00 ,533.00 ,527.00 ,537.00 ,,544.00 
2021/3/15,536.00 ,540.00 ,534.00 ,528.00 ,538.00 ,,551.00 
2021/3/16,525.00 ,527.00 ,520.00 ,515.00 ,525.00 ,,548.00 
2021/3/17,525.00 ,536.00 ,520.00 ,515.00 ,524.00 ,,534.00 
2021/3/18,515.00 ,527.00 ,510.00 ,503.00 ,515.00 ,,534.00 
2021/3/19,500.00 ,519.00 ,485.00 ,485.00 ,495.00 ,,522.00 
2021/3/22,510.00 ,526.00 ,493.00 ,491.00 ,505.00 ,,505.00 
2021/3/23,501.00 ,521.00 ,485.00 ,480.00 ,496.00 ,,508.00 
2021/3/24,495.00 ,502.00 ,475.00 ,471.00 ,486.00 ,,495.00 
2021/3/25,500.00 ,509.00 ,483.00 ,478.00 ,495.00 ,,500.00 
2021/3/26,503.00 ,505.00 ,489.00 ,480.00 ,495.00 ,,497.00 
2021/3/29,508.00 ,504.00 ,491.00 ,482.00 ,495.00 ,,507.00 
2021/3/30,509.00 ,492.00 ,494.00 ,485.00 ,498.00 ,,503.00 
2021/3/31,500.00 ,490.00 ,491.00 ,482.00 ,495.00 ,,506.00 
2021/4/1,485.00 ,479.00 ,479.00 ,471.00 ,484.00 ,,508.00 
2021/4/5,494.00 ,494.00 ,485.00 ,480.00 ,490.00 ,,508.00 
2021/4/6,492.00 ,495.00 ,485.00 ,480.00 ,489.00 ,,508.00 
2021/4/7,488.00 ,491.00 ,480.00 ,473.00 ,484.00 ,,505.00 
2021/4/8,493.00 ,496.75 ,484.00 ,479.00 ,489.00 ,,501.00 
2021/4/9,494.00 ,497.00 ,492.00 ,478.00 ,487.00 ,,504.00 
2021/4/12,495.00 ,495.00 ,488.00 ,484.00 ,485.00 ,,502.00 
2021/4/13,495.00 ,495.00 ,490.00 ,485.00 ,480.00 ,,504.00 
2021/4/14,500.00 ,495.00 ,495.00 ,493.00 ,488.00 ,,507.00 
2021/4/15,505.00 ,504.00 ,504.00 ,504.00 ,494.00 ,,512.00 
2021/4/16,510.00 ,510.00 ,509.00 ,510.00 ,500.00 ,,522.00 
2021/4/19,507.00 ,507.00 ,507.00 ,506.00 ,495.00 ,,526.00 
2021/4/20,510.00 ,507.00 ,513.00 ,511.00 ,501.00 ,,526.00 
2021/4/21,496.00 ,503.00 ,499.00 ,495.00 ,490.00 ,,526.00 
2021/4/22,490.00 ,496.00 ,491.00 ,485.75 ,482.00 ,,514.00 
2021/4/23,497.00 ,515.25 ,498.00 ,490.75 ,488.00 ,,508.00 
2021/4/26,495.00 ,505.00 ,497.00 ,487.00 ,484.00 ,,511.00 
2021/4/27,507.00 ,520.00 ,505.00 ,495.00 ,493.00 ,,509.00 
2021/4/28,507.00 ,520.00 ,504.00 ,494.00 ,494.00 ,,519.00 
2021/4/29,513.00 ,526.00 ,516.00 ,503.00 ,500.00 ,,522.00 
2021/4/30,518.00 ,537.00 ,516.00 ,504.00 ,504.00 ,,522.00 
2021/5/3,508.00 ,535.25 ,510.00 ,496.00 ,500.00 ,,532.00 
2021/5/4,519.00 ,547.00 ,520.00 ,503.00 ,510.00 ,,522.00 
2021/5/5,525.00 ,553.00 ,527.00 ,508.00 ,517.00 ,,532.00 
2021/5/6,515.00 ,544.00 ,523.00 ,494.00 ,507.00 ,,537.00 
2021/5/7,515.00 ,550.25 ,523.00 ,498.00 ,507.00 ,,533.00 
2021/5/10,519.00 ,551.75 ,525.00 ,500.75 ,509.00 ,,530.00 
2021/5/11,510.00 ,538.50 ,518.00 ,495.00 ,499.00 ,,530.00 
2021/5/12,518.00 ,553.00 ,527.00 ,496.00 ,507.00 ,,521.00 
2021/5/13,518.00 ,553.00 ,527.00 ,496.00 ,507.00 ,,526.00 
2021/5/14,505.00 ,530.00 ,515.00 ,488.00 ,495.00 ,,521.00 
2021/5/17,515.00 ,547.00 ,525.00 ,489.00 ,505.00 ,,521.00 
2021/5/18,516.00 ,553.00 ,533.00 ,487.00 ,506.00 ,,525.00 
2021/5/19,505.00 ,539.00 ,521.00 ,484.00 ,495.00 ,,525.00 
2021/5/20,507.00 ,550.00 ,518.00 ,471.00 ,495.00 ,,515.00 
2021/5/21,493.00 ,544.00 ,505.00 ,463.00 ,488.00 ,,510.00 
2021/5/24,510.00 ,562.00 ,522.00 ,482.00 ,504.00 ,,500.00 
2021/5/25,515.00 ,552.00 ,527.00 ,481.00 ,509.00 ,,515.00 
2021/5/26,515.00 ,552.00 ,527.00 ,481.00 ,509.00 ,,515.00 
2021/5/27,515.00 ,565.00 ,515.00 ,481.00 ,505.00 ,,518.00 
2021/5/28,520.00 ,569.00 ,520.00 ,493.00 ,505.00 ,,515.00 
2021/5/31,520.00 ,569.00 ,520.00 ,493.00 ,505.00 ,,530.00 
2021/6/1,542.00 ,577.00 ,535.00 ,519.00 ,523.00 ,,536.00 
2021/6/2,536.00 ,572.00 ,530.00 ,514.00 ,518.00 ,,554.00 
2021/6/3,546.00 ,581.00 ,530.00 ,523.00 ,525.00 ,,551.00 
2021/6/4,545.00 ,583.00 ,535.00 ,524.00 ,525.00 ,,556.00 
2021/6/7,545.00 ,573.00 ,533.00 ,520.00 ,525.00 ,,556.00 
2021/6/8,540.00 ,569.00 ,528.00 ,517.00 ,520.00 ,,551.00 
2021/6/9,549.00 ,570.00 ,536.00 ,523.00 ,529.00 ,,548.00 
2021/6/10,542.00 ,568.00 ,530.00 ,517.00 ,524.00 ,,551.00 
2021/6/11,548.00 ,555.00 ,535.00 ,523.00 ,529.00 ,,551.00 
2021/6/14,548.00 ,550.00 ,535.00 ,524.00 ,531.00 ,,551.00 
2021/6/15,549.00 ,548.00 ,536.00 ,526.00 ,527.00 ,,555.00 
2021/6/16,554.00 ,562.00 ,543.00 ,533.00 ,534.00 ,,557.00 
2021/6/17,551.00 ,550.00 ,561.00 ,534.00 ,532.00 ,,562.00 
2021/6/18,540.00 ,540.00 ,545.00 ,523.00 ,525.00 ,,558.00 
2021/6/21,545.00 ,545.00 ,545.00 ,527.00 ,530.00 ,,558.00 
2021/6/22,550.00 ,550.00 ,550.00 ,530.00 ,535.00 ,,560.00 
2021/6/23,555.00 ,553.00 ,550.00 ,537.00 ,536.00 ,,560.00 
2021/6/24,556.00 ,554.00 ,551.00 ,538.00 ,545.00 ,,564.00 
2021/6/25,557.00 ,555.00 ,564.00 ,540.00 ,550.00 ,,566.00 
2021/6/28,560.00 ,565.00 ,566.00 ,543.00 ,553.00 ,,570.00 
2021/6/29,552.00 ,557.00 ,552.00 ,535.00 ,550.00 ,,568.00 
2021/6/30,554.00 ,557.00 ,550.00 ,536.00 ,550.00 ,,568.00 
2021/7/1,567.00 ,570.00 ,560.00 ,547.00 ,560.00 ,,565.00 
2021/7/2,565.00 ,569.00 ,564.00 ,548.00 ,559.00 ,,574.00 
2021/7/5,570.00 ,575.00 ,569.00 ,554.00 ,564.00 ,,574.00 
2021/7/6,574.00 ,588.00 ,572.00 ,554.00 ,568.00 ,,582.00 
2021/7/7,558.00 ,571.00 ,555.00 ,538.00 ,550.00 ,,582.00 
2021/7/8,538.00 ,561.00 ,540.00 ,523.00 ,540.00 ,,569.00 
2021/7/9,554.00 ,555.00 ,555.00 ,537.00 ,552.00 ,,559.00 
2021/7/12,559.00 ,560.00 ,557.00 ,542.00 ,553.00 ,,576.00 
2021/7/13,565.00 ,565.00 ,564.00 ,550.00 ,560.00 ,,576.00 
2021/7/14,568.00 ,568.00 ,566.00 ,555.00 ,563.00 ,,579.00 
2021/7/15,553.00 ,554.00 ,554.00 ,542.00 ,549.00 ,,582.00 
2021/7/16,554.00 ,555.00 ,555.00 ,544.00 ,550.00 ,,570.00 
2021/7/19,550.00 ,550.00 ,548.00 ,536.00 ,543.00 ,,567.00 
2021/7/20,535.00 ,535.00 ,533.00 ,521.00 ,530.00 ,,558.00 
2021/7/21,549.00 ,545.00 ,543.00 ,533.00 ,540.00 ,,551.00 
2021/7/22,549.00 ,545.00 ,543.00 ,533.00 ,540.00 ,,551.00 
2021/7/23,554.00 ,545.00 ,548.00 ,539.00 ,545.00 ,,561.00 
2021/7/26,548.00 ,535.00 ,545.00 ,534.00 ,540.00 ,,565.00 
2021/7/27,556.00 ,546.00 ,552.00 ,542.00 ,548.00 ,,560.00 
2021/7/28,557.00 ,536.00 ,553.00 ,542.00 ,550.00 ,,567.00 
2021/7/29,560.00 ,542.00 ,561.00 ,546.00 ,555.00 ,,567.00 
2021/7/30,564.00 ,546.00 ,564.00 ,550.00 ,557.00 ,,572.00 
2021/8/2,560.00 ,545.00 ,561.00 ,545.00 ,550.00 ,,575.00 
2021/8/3,551.00 ,535.00 ,550.00 ,535.00 ,540.00 ,,572.00 
2021/8/4,545.00 ,535.00 ,545.00 ,531.00 ,536.00 ,,564.00 
2021/8/5,530.00 ,527.50 ,530.00 ,515.00 ,520.00 ,,559.00 
2021/8/6,542.00 ,546.80 ,543.00 ,528.00 ,535.00 ,,547.00 
2021/8/9,542.00 ,546.80 ,543.00 ,528.00 ,535.00 ,,555.00 
2021/8/10,535.00 ,533.00 ,530.00 ,514.00 ,521.00 ,,549.00 
2021/8/11,540.00 ,543.00 ,535.00 ,521.00 ,527.00 ,,549.00 
2021/8/12,545.00 ,550.00 ,538.00 ,523.00 ,530.00 ,,554.00 
2021/8/13,540.00 ,545.00 ,532.00 ,518.00 ,525.00 ,,554.00 
2021/8/16,533.00 ,540.00 ,524.00 ,510.00 ,517.00 ,,547.00 
2021/8/17,530.00 ,545.00 ,522.00 ,508.00 ,515.00 ,,539.00 
2021/8/18,530.00 ,535.00 ,523.00 ,509.00 ,515.00 ,,535.00 
2021/8/19,512.00 ,515.00 ,505.00 ,489.00 ,500.00 ,,535.00 
2021/8/20,512.00 ,510.00 ,505.00 ,490.00 ,498.00 ,,522.00 
2021/8/23,515.00 ,524.00 ,511.00 ,498.00 ,504.00 ,,522.00 
2021/8/24,530.00 ,539.00 ,527.00 ,514.00 ,520.00 ,,532.00 
2021/8/25,533.00 ,540.00 ,533.00 ,520.00 ,526.00 ,,552.00 
2021/8/26,536.00 ,554.00 ,536.00 ,522.00 ,529.00 ,,555.00 
2021/8/27,540.00 ,545.00 ,540.00 ,528.00 ,535.00 ,,555.00 
2021/8/30,540.00 ,550.00 ,542.00 ,530.00 ,540.00 ,,558.00 
2021/8/31,541.00 ,550.00 ,543.00 ,530.00 ,540.00 ,,558.00 
2021/9/1,546.00 ,561.00 ,548.00 ,535.00 ,545.00 ,,555.00 
2021/9/2,541.00 ,560.00 ,543.00 ,532.00 ,535.00 ,,558.00 
2021/9/3,552.00 ,578.00 ,543.00 ,553.00 ,545.00 ,,562.00 
2021/9/6,547.00 ,565.00 ,547.00 ,535.00 ,545.00 ,,565.00 
2021/9/7,554.00 ,570.00 ,555.00 ,542.00 ,553.00 ,,560.00 
2021/9/8,550.00 ,565.00 ,550.00 ,537.00 ,548.00 ,,566.00 
2021/9/9,552.00 ,560.00 ,553.00 ,539.00 ,545.00 ,,566.00 
2021/9/10,553.00 ,560.00 ,555.00 ,539.00 ,545.00 ,,566.00 
2021/9/13,558.00 ,566.00 ,558.00 ,545.00 ,550.00 ,,569.00 
2021/9/14,559.00 ,570.00 ,559.00 ,546.00 ,550.00 ,,573.00 
2021/9/15,560.00 ,577.00 ,559.00 ,546.00 ,552.00 ,,575.00 
2021/9/16,564.00 ,575.00 ,565.00 ,553.00 ,560.00 ,,580.00 
2021/9/17,561.00 ,580.00 ,565.00 ,554.00 ,560.00 ,,578.00 
2021/9/20,556.00 ,575.00 ,560.00 ,548.00 ,555.00 ,,578.00 
2021/9/21,558.00 ,580.00 ,567.00 ,552.00 ,560.00 ,,578.00 
2021/9/22,559.00 ,579.00 ,568.00 ,553.00 ,561.00 ,,581.00 
2021/9/23,561.00 ,580.00 ,570.00 ,555.00 ,569.00 ,,586.00 
2021/9/24,564.00 ,602.00 ,574.00 ,558.00 ,570.00 ,,588.00 
2021/9/27,576.00 ,623.00 ,580.00 ,567.00 ,580.00 ,,593.00 
2021/9/28,578.00 ,625.80 ,580.00 ,566.00 ,583.00 ,,601.00 
2021/9/29,575.00 ,615.00 ,575.00 ,563.00 ,577.00 ,,598.00 
2021/9/30,579.00 ,618.00 ,579.00 ,566.00 ,580.00 ,,595.00 
2021/10/1,569.00 ,609.00 ,567.00 ,554.00 ,570.00 ,,598.00 
2021/10/4,580.00 ,610.00 ,578.00 ,565.00 ,585.00 ,,598.00 
2021/10/5,590.00 ,626.00 ,588.00 ,574.00 ,595.00 ,,604.00 
2021/10/6,601.00 ,625.00 ,600.00 ,585.00 ,605.00 ,,614.00 
2021/10/7,585.00 ,600.00 ,585.00 ,572.00 ,590.00 ,,614.00 
2021/10/8,608.00 ,623.00 ,605.00 ,595.00 ,615.00 ,,607.00 
2021/10/11,618.00 ,625.00 ,611.00 ,604.00 ,625.00 ,,607.00 
2021/10/12,620.00 ,620.00 ,616.00 ,608.00 ,635.00 ,,647.00 
2021/10/13,614.00 ,617.00 ,611.00 ,605.00 ,630.00 ,,652.00 
2021/10/14,621.00 ,628.00 ,615.00 ,616.00 ,640.00 ,,647.00 
2021/10/15,627.00 ,630.00 ,620.00 ,615.00 ,640.00 ,,651.00 
2021/10/18,630.00 ,630.00 ,630.00 ,620.00 ,645.00 ,,656.00 
2021/10/19,623.00 ,620.00 ,624.00 ,613.00 ,640.00 ,,656.00 
2021/10/20,624.00 ,620.00 ,624.00 ,615.00 ,640.00 ,,651.00 
2021/10/21,631.00 ,620.00 ,632.00 ,621.00 ,645.00 ,,651.00 
2021/10/22,630.00 ,605.00 ,630.00 ,620.00 ,643.00 ,,651.00 
2021/10/25,633.00 ,621.50 ,634.00 ,625.00 ,647.00 ,,654.00 
2021/10/26,630.00 ,621.00 ,628.00 ,618.00 ,645.00 ,,656.00 
2021/10/27,625.00 ,615.00 ,625.00 ,615.00 ,642.00 ,,651.00 
2021/10/28,615.00 ,630.00 ,615.00 ,606.00 ,633.00 ,,644.00 
2021/10/29,620.00 ,636.00 ,620.00 ,611.00 ,638.00 ,,637.00 
2021/11/1,621.00 ,641.00 ,625.00 ,615.00 ,640.00 ,,637.00 
2021/11/2,624.00 ,649.30 ,630.00 ,618.00 ,640.00 ,,640.00 
2021/11/3,619.00 ,636.00 ,625.00 ,615.00 ,635.00 ,,638.00 
2021/11/4,615.80 ,631.50 ,609.00 ,600.00 ,625.00 ,,635.00 
2021/11/5,615.80 ,631.50 ,609.00 ,600.00 ,625.00 ,,635.00 
2021/11/8,639.00 ,653.00 ,628.00 ,619.00 ,644.00 ,,633.00 
2021/11/9,644.30 ,652.80 ,630.00 ,624.00 ,645.00 ,,649.00 
2021/11/10,659.00 ,665.00 ,641.00 ,636.00 ,646.00 ,,654.00 
2021/11/11,645.50 ,644.00 ,628.00 ,626.00 ,633.00 ,,659.00 
2021/11/12,634.50 ,647.00 ,618.00 ,618.00 ,623.00 ,,651.00 
2021/11/15,640.00 ,645.00 ,615.00 ,609.00 ,618.00 ,,644.00 
2021/11/16,648.00 ,640.00 ,623.00 ,616.00 ,626.00 ,,636.00 
2021/11/17,645.00 ,642.00 ,618.00 ,609.50 ,620.00 ,,638.00 
2021/11/18,637.00 ,634.00 ,610.00 ,603.00 ,605.00 ,,636.00 
2021/11/19,650.00 ,645.00 ,622.00 ,615.00 ,618.00 ,,636.00 
2021/11/22,630.00 ,637.00 ,605.00 ,600.00 ,600.00 ,,636.00 
2021/11/23,630.00 ,639.00 ,610.00 ,601.00 ,602.00 ,,621.00 
2021/11/24,655.00 ,645.00 ,640.00 ,632.00 ,625.00 ,,626.00 
2021/11/25,649.00 ,652.00 ,635.00 ,630.00 ,620.00 ,,656.00 
2021/11/26,625.00 ,625.00 ,610.00 ,613.00 ,600.00 ,,652.00 
2021/11/29,609.00 ,619.80 ,596.00 ,600.00 ,590.00 ,,642.00 
2021/11/30,595.00 ,597.80 ,582.00 ,584.00 ,575.00 ,,632.00 
2021/12/1,600.00 ,605.00 ,588.00 ,590.00 ,580.00 ,,622.00 
2021/12/2,605.00 ,613.00 ,594.00 ,596.00 ,575.00 ,,617.00 
2021/12/3,605.00 ,606.00 ,598.00 ,597.00 ,585.00 ,,612.00 
2021/12/6,593.00 ,585.00 ,588.00 ,585.00 ,578.00 ,,617.00 
2021/12/7,593.00 ,585.00 ,588.00 ,585.00 ,578.00 ,,617.00 
2021/12/8,607.00 ,609.00 ,603.00 ,593.00 ,591.00 ,,627.00 
2021/12/9,615.00 ,609.00 ,607.00 ,598.00 ,600.00 ,,627.00 
2021/12/10,610.00 ,609.00 ,604.00 ,595.00 ,598.00 ,,624.00 
2021/12/13,617.00 ,616.50 ,609.00 ,599.00 ,602.00 ,,621.00 
2021/12/14,613.00 ,612.50 ,604.00 ,595.00 ,597.00 ,,626.00 
2021/12/15,605.00 ,609.00 ,597.00 ,589.00 ,590.00 ,,621.00 
2021/12/16,614.00 ,605.00 ,608.00 ,602.00 ,604.00 ,,621.00 
2021/12/17,610.00 ,603.80 ,606.00 ,601.00 ,602.00 ,,627.00 
2021/12/20,585.00 ,593.00 ,590.00 ,580.00 ,582.00 ,,622.00 
2021/12/21,585.00 ,600.00 ,590.00 ,582.00 ,584.00 ,,607.00 
2021/12/22,595.00 ,610.00 ,600.00 ,596.00 ,600.00 ,,614.00 
2021/12/23,607.00 ,620.00 ,610.00 ,610.00 ,610.00 ,,622.00 
2021/12/24,612.00 ,625.00 ,615.00 ,613.00 ,615.00 ,,630.00 
2021/12/27,612.00 ,625.00 ,615.00 ,613.00 ,615.00 ,,627.00 
2021/12/28,625.00 ,640.00 ,625.00 ,634.00 ,635.00 ,,632.00 
2021/12/29,626.00 ,649.30 ,625.00 ,639.00 ,641.00 ,,652.00 
2021/12/30,630.00 ,650.00 ,626.00 ,646.00 ,650.00 ,,655.00 
2021/12/31,626.00 ,650.00 ,620.00 ,642.00 ,646.00 ,,655.00 
2022/1/3,618.00 ,665.00 ,612.00 ,630.00 ,638.00 ,,655.00 
2022/1/4,613.00 ,652.00 ,610.00 ,628.00 ,638.00 ,,650.00 
2022/1/5,620.00 ,658.00 ,612.00 ,623.00 ,639.00 ,,647.00 
2022/1/6,624.00 ,657.00 ,620.00 ,629.00 ,642.00 ,,643.00 
2022/1/7,640.00 ,650.00 ,640.00 ,644.00 ,655.00 ,,648.00 
2022/1/10,645.00 ,646.00 ,645.00 ,646.00 ,653.00 ,,651.00 
2022/1/11,658.00 ,660.00 ,654.00 ,658.00 ,660.00 ,,656.00 
2022/1/12,672.00 ,674.00 ,668.00 ,671.00 ,670.00 ,,671.00 
2022/1/13,673.00 ,680.00 ,669.00 ,671.00 ,672.00 ,,688.00 
2022/1/14,670.00 ,670.00 ,665.00 ,668.00 ,672.00 ,,684.00 
2022/1/17,682.00 ,686.00 ,677.00 ,675.00 ,684.00 ,,687.00 
2022/1/18,692.00 ,698.00 ,687.00 ,692.00 ,697.00 ,,697.00 
2022/1/19,686.00 ,695.00 ,681.00 ,687.00 ,692.00 ,,717.00 
2022/1/20,690.00 ,700.00 ,685.00 ,690.00 ,696.00 ,,714.00 
2022/1/21,680.00 ,700.00 ,675.00 ,678.00 ,675.00 ,,714.00 
2022/1/24,688.00 ,713.00 ,685.00 ,685.00 ,688.00 ,,704.00 
2022/1/25,670.00 ,694.00 ,665.00 ,665.00 ,676.00 ,,709.00 
2022/1/26,670.00 ,698.00 ,665.00 ,667.00 ,679.00 ,,704.00 
2022/1/27,683.00 ,712.00 ,688.00 ,678.00 ,690.00 ,,707.00 
2022/1/28,684.00 ,716.00 ,692.00 ,682.00 ,694.00 ,,722.00 
2022/1/31,690.00 ,727.00 ,695.00 ,688.00 ,699.00 ,,722.00 
2022/2/3,715.00 ,740.00 ,728.00 ,713.00 ,710.00 ,,722.00 
2022/2/4,730.00 ,740.00 ,740.00 ,730.00 ,725.00 ,,722.00 
2022/2/7,731.00 ,743.00 ,742.00 ,732.00 ,730.00 ,,757.00 
2022/2/8,717.00 ,731.30 ,728.00 ,716.00 ,717.00 ,,757.00 
2022/2/9,714.00 ,737.00 ,720.00 ,711.00 ,710.00 ,,747.00 
2022/2/10,714.00 ,739.00 ,735.00 ,727.00 ,719.00 ,,741.00 
2022/2/11,725.00 ,735.30 ,732.00 ,724.00 ,719.00 ,,748.00 
2022/2/14,749.00 ,759.00 ,757.00 ,744.00 ,743.00 ,,765.00 
2022/2/15,743.00 ,739.00 ,751.00 ,739.00 ,737.00 ,,778.00 
2022/2/16,739.00 ,736.80 ,747.00 ,736.00 ,730.00 ,,775.00 
2022/2/17,735.00 ,735.80 ,745.00 ,735.00 ,728.00 ,,775.00 
2022/2/18,723.00 ,723.00 ,733.00 ,723.00 ,717.00 ,,772.00 
2022/2/21,723.00 ,730.00 ,738.00 ,725.00 ,720.00 ,,764.00 
2022/2/22,762.00 ,760.00 ,777.00 ,762.00 ,759.00 ,,771.00 
2022/2/23,742.00 ,740.00 ,757.00 ,741.00 ,735.00 ,,796.00 
2022/2/24,775.00 ,775.50 ,790.00 ,777.00 ,765.00 ,,796.00 
2022/2/25,755.00 ,760.00 ,770.00 ,762.00 ,750.00 ,,836.00 
2022/2/28,772.00 ,773.00 ,787.00 ,778.00 ,765.00 ,,836.00 
2022/3/1,787.00 ,795.80 ,802.00 ,795.00 ,780.00 ,,836.00 
2022/3/2,855.00 ,858.30 ,870.00 ,860.00 ,855.00 ,,861.00 
2022/3/3,909.00 ,910.00 ,915.00 ,910.00 ,908.00 ,,946.00 
2022/3/4,883.00 ,887.00 ,885.00 ,878.00 ,880.00 ,,996.00 
2022/3/7,997.00 ,1001.00 ,995.00 ,987.00 ,989.00 ,,996.00 
2022/3/8,994.80 ,981.80 ,990.00 ,983.00 ,985.00 ,,1081.00 
2022/3/9,1039.00 ,1024.00 ,1035.00 ,1027.00 ,1030.00 ,,1087.00 
2022/3/10,952.00 ,941.00 ,940.00 ,937.00 ,940.00 ,,1107.00 
2022/3/11,915.00 ,914.00 ,905.00 ,900.00 ,905.00 ,,1007.00 
2022/3/14,895.00 ,905.00 ,885.00 ,877.00 ,890.00 ,,967.00 
2022/3/15,815.00 ,840.00 ,805.00 ,802.00 ,810.00 ,,927.00 
2022/3/16,819.00 ,846.00 ,810.00 ,804.00 ,815.00 ,,847.00 
2022/3/17,832.00 ,865.00 ,815.00 ,805.00 ,817.00 ,,845.00 
2022/3/18,872.00 ,909.00 ,855.00 ,846.00 ,855.00 ,,870.00 
2022/3/21,908.00 ,930.00 ,890.00 ,880.00 ,890.00 ,,897.00 
2022/3/22,912.00 ,930.00 ,890.00 ,885.00 ,893.50 ,,947.00 
2022/3/23,924.00 ,940.00 ,900.00 ,893.00 ,905.00 ,,947.00 
2022/3/24,947.00 ,955.00 ,923.00 ,916.00 ,930.00 ,,967.00 
2022/3/25,926.00 ,930.00 ,894.00 ,890.00 ,905.00 ,,957.00 
2022/3/28,926.00 ,938.80 ,896.00 ,892.00 ,905.00 ,,937.00 
2022/3/29,912.00 ,915.00 ,880.00 ,875.00 ,890.00 ,,927.00 
2022/3/30,900.00 ,918.00 ,871.00 ,866.00 ,880.00 ,,912.00 
2022/3/31,888.00 ,914.00 ,861.00 ,850.00 ,867.00 ,,902.00 
2022/4/1,867.00 ,897.30 ,840.00 ,830.00 ,843.00 ,,895.00 
2022/4/4,877.00 ,913.80 ,856.30 ,835.00 ,848.00 ,,895.00 
2022/4/5,885.00 ,934.30 ,867.00 ,849.00 ,855.00 ,,895.00 
2022/4/6,876.00 ,930.00 ,867.00 ,845.00 ,850.00 ,,885.00 
2022/4/7,846.00 ,900.00 ,834.00 ,812.00 ,820.00 ,,880.00 
2022/4/8,871.50 ,905.00 ,848.00 ,825.00 ,830.00 ,,855.00 
2022/4/11,869.00 ,895.00 ,840.00 ,817.00 ,821.00 ,,855.00 
2022/4/12,874.00 ,885.00 ,845.00 ,823.00 ,830.00 ,,850.00 
2022/4/13,900.00 ,852.00 ,873.00 ,852.00 ,855.00 ,,860.00 
2022/4/14,920.00 ,920.00 ,892.00 ,870.00 ,875.00 ,,885.00 
2022/4/15,920.00 ,920.00 ,892.00 ,870.00 ,875.00 ,,905.00 
2022/4/18,935.00 ,935.00 ,905.00 ,884.00 ,890.00 ,,915.00 
2022/4/19,935.00 ,920.00 ,905.00 ,881.00 ,890.00 ,,920.00 
2022/4/20,910.00 ,893.00 ,877.00 ,852.00 ,870.00 ,,910.00 
2022/4/21,908.00 ,895.00 ,875.00 ,850.00 ,869.00 ,,885.00 
2022/4/22,902.00 ,889.00 ,891.80 ,845.00 ,860.00 ,,880.00 
2022/4/25,865.00 ,850.00 ,864.00 ,805.00 ,830.00 ,,875.00 
2022/4/26,860.00 ,850.00 ,860.00 ,804.00 ,830.00 ,,835.00 
2022/4/27,885.00 ,877.00 ,880.00 ,832.00 ,858.00 ,,850.00 
2022/4/28,885.00 ,880.50 ,891.30 ,831.00 ,865.00 ,,880.00 
2022/4/29,910.00 ,919.00 ,922.00 ,856.00 ,890.00 ,,900.00 
2022/5/3,910.00 ,919.00 ,922.00 ,856.00 ,890.00 ,,915.00 
2022/5/4,920.00 ,932.00 ,930.00 ,863.00 ,900.00 ,,905.00 
2022/5/5,931.00 ,940.00 ,920.00 ,872.00 ,913.00 ,,935.00 
2022/5/6,935.00 ,940.00 ,915.00 ,875.00 ,920.00 ,,935.00 
2022/5/9,935.00 ,945.00 ,915.00 ,872.00 ,920.00 ,,925.00 
2022/5/10,900.00 ,915.00 ,875.00 ,835.00 ,890.00 ,,915.00 
2022/5/11,895.00 ,920.00 ,880.00 ,830.00 ,885.00 ,,885.00 
2022/5/12,892.00 ,933.00 ,875.00 ,830.00 ,885.00 ,,885.00 
2022/5/13,929.00 ,976.00 ,910.00 ,868.00 ,915.00 ,,880.00 
2022/5/16,929.00 ,976.00 ,910.00 ,868.00 ,915.00 ,,925.00 
2022/5/17,965.00 ,1024.00 ,958.00 ,922.00 ,960.00 ,,930.00 
2022/5/18,966.00 ,1035.00 ,959.00 ,933.00 ,970.00 ,,980.00 
2022/5/19,929.00 ,1022.00 ,922.00 ,908.00 ,943.00 ,,977.00 
2022/5/20,945.00 ,1068.00 ,942.00 ,930.00 ,963.00 ,,947.00 
2022/5/23,955.00 ,1089.00 ,953.00 ,950.00 ,970.00 ,,962.00 
2022/5/24,950.00 ,1080.00 ,976.00 ,955.00 ,970.00 ,,965.00 
2022/5/25,970.00 ,1075.00 ,1000.00 ,985.00 ,994.00 ,,972.00 
2022/5/26,980.00 ,1084.00 ,1010.00 ,996.00 ,1010.00 ,,997.00 
2022/5/27,1020.00 ,1091.00 ,1073.00 ,1060.00 ,1050.00 ,,1012.00 
2022/5/30,1052.00 ,1104.00 ,1105.00 ,1100.00 ,1100.00 ,,1077.00 
2022/5/31,1070.00 ,1095.00 ,1110.00 ,1115.00 ,1110.00 ,,1117.00 
2022/6/1,1070.00 ,1095.00 ,1100.00 ,1100.00 ,1110.00 ,,1132.00 
2022/6/2,1066.00 ,1095.00 ,1109.00 ,1090.00 ,1095.00 ,,1112.00 
2022/6/3,1105.00 ,1130.00 ,1130.00 ,1118.00 ,1120.00 ,,1112.00 
2022/6/6,1126.30 ,1159.50 ,1145.00 ,1130.00 ,1140.00 ,,1147.00 
2022/6/7,1134.00 ,1170.00 ,1150.00 ,1115.00 ,1135.00 ,,1157.00 
2022/6/8,1155.00 ,1170.00 ,1180.30 ,1125.00 ,1150.00 ,,1157.00 
2022/6/9,1175.50 ,1177.00 ,1190.00 ,1135.00 ,1165.00 ,,1177.00 
2022/6/10,1174.00 ,1176.00 ,1193.00 ,1129.00 ,1160.00 ,,1185.00 
2022/6/13,1147.30 ,1140.00 ,1160.00 ,1095.00 ,1132.00 ,,1180.00 
2022/6/14,1153.00 ,1146.00 ,1165.00 ,1100.00 ,1165.00 ,,1155.00 
2022/6/15,1132.00 ,1120.00 ,1139.00 ,1082.00 ,1115.00 ,,1162.00 
2022/6/16,1116.00 ,1095.00 ,1119.00 ,1065.00 ,1095.00 ,,1147.00 
2022/6/17,1140.00 ,1120.00 ,1148.00 ,1095.00 ,1115.00 ,,1122.00 
2022/6/20,1091.00 ,1070.00 ,1100.00 ,1050.00 ,1085.00 ,,1112.00 
2022/6/21,1126.00 ,1104.00 ,1130.00 ,1090.00 ,1115.00 ,,1082.00 
2022/6/22,1095.00 ,1065.00 ,1100.00 ,1070.00 ,1080.00 ,,1122.00 
2022/6/23,1090.00 ,1060.00 ,1095.00 ,1065.00 ,1070.00 ,,1097.00 
2022/6/24,1090.00 ,1060.00 ,1110.00 ,1070.00 ,1080.00 ,,1092.00 
2022/6/27,1100.00 ,1070.00 ,1114.00 ,1080.00 ,1091.00 ,,1089.00 
2022/6/28,1118.00 ,1070.00 ,1135.00 ,1105.00 ,1105.00 ,,1099.00 
2022/6/29,1128.00 ,1083.30 ,1145.00 ,1110.00 ,1115.00 ,,1109.00 
2022/6/30,1135.00 ,1110.00 ,1161.00 ,1130.00 ,1132.00 ,,1109.00 
2022/7/1,1100.00 ,1080.00 ,1130.00 ,1100.00 ,1105.00 ,,1109.00 
2022/7/4,1120.00 ,1116.00 ,1150.00 ,1120.00 ,1125.00 ,,1099.00 
2022/7/5,1140.00 ,1129.00 ,1170.00 ,1135.00 ,1135.00 ,,1129.00 
2022/7/6,1064.00 ,1055.30 ,1090.00 ,1065.00 ,1080.00 ,,1109.00 
2022/7/7,1000.00 ,990.00 ,1030.00 ,1000.00 ,1020.00 ,,1074.00 
2022/7/8,1028.00 ,1017.50 ,1059.00 ,1030.00 ,1047.00 ,,1039.00 
2022/7/11,1028.00 ,1017.50 ,1059.00 ,1030.00 ,1047.00 ,,1064.00 
2022/7/12,1025.00 ,1005.00 ,1050.00 ,1015.00 ,1030.00 ,,1054.00 
2022/7/13,1005.00 ,980.00 ,1030.00 ,995.00 ,1005.00 ,,1034.00 
2022/7/14,990.00 ,970.00 ,1005.00 ,990.00 ,990.00 ,,1014.00 
2022/7/15,985.00 ,965.00 ,982.80 ,985.00 ,985.00 ,,994.00 
2022/7/16,1000.00 ,980.00 ,988.80 ,1000.00 ,1005.00 ,,989.00 
2022/7/17,1005.00 ,990.00 ,991.00 ,1007.00 ,1010.00 ,,1009.00 
2022/7/18,980.00 ,980.00 ,966.80 ,985.00 ,990.00 ,,1009.00 
2022/7/19,930.00 ,948.00 ,891.80 ,915.00 ,935.00 ,,984.00 
2022/7/20,980.00 ,980.00 ,966.80 ,985.00 ,990.00 ,,1009.00 
2022/7/21,930.00 ,948.00 ,891.80 ,915.00 ,935.00 ,,984.00 
2022/7/22,895.00 ,937.30 ,858.30 ,885.00 ,895.00 ,,944.00 
2022/7/25,875.00 ,927.50 ,855.00 ,860.00 ,875.00 ,,914.00 
2022/7/26,915.00 ,950.00 ,889.80 ,895.00 ,890.00 ,,899.00 
2022/7/27,900.00 ,920.00 ,869.80 ,870.00 ,870.00 ,,924.00 
2022/7/28,920.00 ,915.00 ,888.80 ,885.00 ,880.00 ,,929.00 
2022/7/29,909.00 ,895.00 ,878.80 ,870.00 ,870.00 ,,944.00 
2022/8/1,900.00 ,885.00 ,862.00 ,860.00 ,860.00 ,,924.00 
2022/8/2,860.00 ,836.00 ,830.00 ,810.00 ,825.00 ,,909.00 
2022/8/3,832.00 ,824.80 ,800.00 ,765.00 ,785.00 ,,864.00 
2022/8/4,822.00 ,790.00 ,756.80 ,752.00 ,770.00 ,,834.00 
2022/8/5,790.00 ,750.00 ,719.50 ,725.00 ,743.00 ,,819.00 
2022/8/8,790.00 ,729.00 ,732.00 ,730.00 ,750.00 ,,794.00 
2022/8/9,790.00 ,729.00 ,732.00 ,730.00 ,750.00 ,,794.00 
2022/8/10,790.00 ,738.50 ,732.00 ,730.00 ,740.00 ,,789.00 
2022/8/11,830.00 ,770.00 ,780.00 ,775.00 ,775.00 ,,784.00 
2022/8/12,825.00 ,785.30 ,790.00 ,782.00 ,785.00 ,,824.00 
2022/8/15,795.00 ,755.00 ,760.00 ,750.00 ,750.00 ,,814.00 
2022/8/16,775.00 ,735.00 ,731.80 ,730.00 ,730.00 ,,789.00 
2022/8/17,770.00 ,736.00 ,727.00 ,728.00 ,725.00 ,,769.00 
2022/8/18,780.00 ,756.00 ,750.00 ,748.00 ,740.00 ,,766.00 
2022/8/19,775.00 ,756.00 ,757.30 ,752.00 ,735.00 ,,781.00 
2022/8/22,773.00 ,754.00 ,755.00 ,747.00 ,740.00 ,,778.00 
2022/8/23,785.00 ,770.00 ,770.00 ,759.00 ,755.00 ,,778.00 
2022/8/24,810.00 ,798.00 ,790.00 ,780.00 ,780.00 ,,798.00 
2022/8/25,811.00 ,806.80 ,790.00 ,780.00 ,790.00 ,,823.00 
2022/8/26,802.00 ,806.80 ,782.00 ,770.00 ,785.00 ,,823.00 
2022/8/29,795.00 ,800.00 ,780.00 ,760.00 ,785.00 ,,813.00 
2022/8/30,810.00 ,810.00 ,790.00 ,770.00 ,805.00 ,,828.00 
2022/8/31,753.00 ,755.00 ,735.00 ,715.00 ,750.00 ,,813.00 
2022/9/1,719.00 ,725.00 ,708.30 ,680.00 ,720.00 ,,768.00 
2022/9/2,730.00 ,745.00 ,720.00 ,689.00 ,730.00 ,,738.00 
2022/9/5,740.00 ,765.30 ,733.00 ,703.00 ,750.00 ,,751.00 
2022/9/6,739.00 ,764.80 ,733.00 ,702.00 ,750.00 ,,766.00 
2022/9/7,707.00 ,733.00 ,705.00 ,674.00 ,730.00 ,,756.00 
2022/9/8,678.00 ,704.80 ,690.00 ,650.00 ,705.00 ,,741.00 
2022/9/9,698.00 ,728.50 ,705.00 ,670.00 ,725.00 ,,741.00 
2022/9/12,715.00 ,735.00 ,715.00 ,688.00 ,735.00 ,,726.00 
2022/9/13,736.00 ,750.00 ,733.00 ,705.00 ,755.00 ,,736.00 
2022/9/14,717.00 ,738.80 ,718.00 ,690.00 ,728.00 ,,751.00 
2022/9/15,721.00 ,748.80 ,722.00 ,692.00 ,725.00 ,,741.00 
2022/9/16,695.00 ,733.30 ,696.00 ,668.00 ,698.00 ,,741.00 
2022/9/19,703.00 ,747.30 ,704.00 ,675.00 ,706.00 ,,744.00 
2022/9/20,718.00 ,760.00 ,722.00 ,690.00 ,730.00 ,,739.00 
2022/9/21,720.00 ,760.00 ,722.00 ,695.00 ,740.00 ,,739.00 
2022/9/22,720.00 ,764.80 ,715.00 ,692.00 ,730.00 ,,744.00 
2022/9/23,700.00 ,746.50 ,695.00 ,675.00 ,720.00 ,,744.00 
2022/9/26,675.00 ,720.00 ,675.00 ,652.00 ,695.00 ,,724.00 
2022/9/27,670.00 ,710.00 ,675.00 ,655.00 ,705.00 ,,709.00 
2022/9/28,677.00 ,715.00 ,680.00 ,662.00 ,710.00 ,,709.00 
2022/9/29,699.00 ,735.00 ,700.00 ,685.00 ,735.00 ,,719.00 
2022/9/30,705.00 ,740.00 ,707.00 ,692.00 ,735.00 ,,739.00 
2022/10/3,703.00 ,735.00 ,705.00 ,690.00 ,733.00 ,,749.00 
2022/10/4,710.00 ,741.00 ,710.00 ,695.00 ,720.00 ,,757.00 
2022/10/5,730.00 ,764.30 ,730.00 ,715.00 ,760.00 ,,767.00 
2022/10/6,765.00 ,775.00 ,750.00 ,750.00 ,780.00 ,,787.00 
2022/10/7,770.00 ,795.30 ,755.00 ,754.00 ,785.00 ,,802.00 
2022/10/10,783.00 ,800.00 ,767.00 ,765.00 ,790.00 ,,802.00 
2022/10/11,760.00 ,784.80 ,745.00 ,742.00 ,765.00 ,,812.00 
2022/10/12,750.00 ,750.00 ,735.00 ,730.00 ,750.00 ,,792.00 
2022/10/13,740.00 ,750.00 ,725.00 ,720.00 ,740.00 ,,787.00 
2022/10/14,750.00 ,770.80 ,735.00 ,732.00 ,750.00 ,,782.00 
2022/10/17,740.50 ,750.30 ,720.00 ,710.00 ,735.00 ,,785.00 
2022/10/18,747.00 ,757.00 ,727.00 ,715.00 ,740.00 ,,770.00 
2022/10/19,731.00 ,750.00 ,715.00 ,700.00 ,720.00 ,,760.00 
2022/10/20,750.00 ,771.00 ,735.00 ,715.00 ,740.00 ,,745.00 
2022/10/21,740.00 ,755.00 ,725.00 ,704.00 ,730.00 ,,757.00 
2022/10/24,740.00 ,755.00 ,725.00 ,704.00 ,730.00 ,,739.00 
2022/10/25,738.00 ,753.30 ,720.00 ,699.00 ,725.00 ,,734.00 
2022/10/26,729.00 ,745.50 ,711.00 ,690.00 ,715.00 ,,731.00 
2022/10/27,755.00 ,755.00 ,730.00 ,713.00 ,725.00 ,,725.00 
2022/10/28,755.00 ,757.00 ,730.00 ,714.00 ,730.00 ,,750.00 
2022/10/31,740.00 ,735.00 ,715.00 ,698.00 ,720.00 ,,750.00 
2022/11/1,745.00 ,735.00 ,720.00 ,700.00 ,730.00 ,,738.00 
2022/11/2,735.00 ,720.00 ,715.00 ,685.00 ,725.00 ,,743.00 
2022/11/3,730.00 ,718.00 ,715.00 ,680.00 ,721.00 ,,743.00 
2022/11/4,742.00 ,720.00 ,725.00 ,690.00 ,730.00 ,,733.00 
2022/11/7,746.00 ,722.00 ,730.00 ,695.00 ,730.00 ,,757.00 
2022/11/8,749.00 ,722.00 ,733.00 ,695.00 ,730.00 ,,752.00 
2022/11/9,736.00 ,705.00 ,720.00 ,683.00 ,717.00 ,,742.00 
2022/11/10,722.00 ,692.50 ,707.00 ,669.00 ,705.00 ,,727.00 
2022/11/11,752.00 ,723.30 ,737.00 ,700.00 ,730.00 ,,722.00 
2022/11/14,745.00 ,695.00 ,730.00 ,695.00 ,725.00 ,,752.00 
2022/11/15,707.00 ,669.00 ,695.00 ,658.00 ,695.00 ,,745.00 
2022/11/16,719.00 ,677.50 ,705.00 ,672.00 ,705.00 ,,715.00 
2022/11/17,694.00 ,660.50 ,686.30 ,649.00 ,690.00 ,,715.00 
2022/11/18,676.00 ,644.50 ,668.00 ,630.00 ,670.00 ,,695.00 
2022/11/21,675.00 ,643.50 ,660.00 ,626.00 ,660.00 ,,682.00 
2022/11/22,693.00 ,650.00 ,675.00 ,648.00 ,680.00 ,,674.00 
2022/11/23,706.00 ,655.00 ,685.00 ,668.00 ,690.00 ,,690.00 
2022/11/24,680.00 ,630.00 ,659.00 ,646.00 ,670.00 ,,685.00 
2022/11/25,693.00 ,647.50 ,665.00 ,658.00 ,680.00 ,,670.00 
2022/11/28,660.00 ,615.00 ,640.00 ,633.00 ,665.00 ,,665.00 
2022/11/29,693.00 ,658.50 ,676.00 ,670.00 ,700.00 ,,645.00 
2022/11/30,665.00 ,647.80 ,656.00 ,648.00 ,675.00 ,,695.00 
2022/12/1,680.00 ,667.30 ,675.00 ,662.00 ,695.00 ,,695.00 
2022/12/2,670.00 ,650.00 ,672.30 ,650.00 ,685.00 ,,697.00 
2022/12/5,671.00 ,667.00 ,676.00 ,650.00 ,685.00 ,,702.00 
2022/12/6,650.00 ,661.80 ,656.00 ,630.00 ,665.00 ,,694.00 
2022/12/7,618.00 ,635.00 ,625.00 ,604.00 ,635.00 ,,674.00 
2022/12/8,611.00 ,630.80 ,617.00 ,594.00 ,628.00 ,,647.00 
2022/12/9,601.00 ,625.00 ,619.30 ,582.00 ,618.00 ,,637.00 
2022/12/12,584.00 ,618.80 ,605.00 ,563.00 ,610.00 ,,627.00 
2022/12/13,600.00 ,657.30 ,616.00 ,580.00 ,622.00 ,,622.00 
2022/12/14,608.00 ,650.00 ,620.00 ,587.00 ,628.00 ,,630.00 
2022/12/15,614.00 ,656.80 ,626.00 ,594.00 ,634.00 ,,633.00 
2022/12/16,605.00 ,638.80 ,613.00 ,587.00 ,625.00 ,,633.00 
2022/12/19,605.00 ,650.00 ,605.00 ,592.00 ,610.00 ,,630.00 
2022/12/20,607.00 ,655.50 ,605.00 ,598.00 ,610.00 ,,630.00 
2022/12/21,607.00 ,662.30 ,603.00 ,600.00 ,610.00 ,,633.00 
2022/12/22,615.00 ,664.80 ,613.00 ,615.00 ,620.00 ,,637.00 
2022/12/23,603.00 ,645.30 ,601.00 ,600.00 ,608.00 ,,647.00 
2022/12/26,603.00 ,645.30 ,601.00 ,600.00 ,608.00 ,,644.00 
2022/12/27,620.00 ,679.50 ,623.00 ,615.00 ,635.00 ,,647.00 
2022/12/28,624.00 ,675.00 ,630.00 ,616.00 ,640.00 ,,665.00 
2022/12/29,611.00 ,669.00 ,620.00 ,603.00 ,630.00 ,,660.00 
2022/12/30,615.00 ,679.80 ,625.00 ,607.00 ,635.00 ,,645.00 
2023/1/3,626.00 ,692.50 ,635.00 ,617.00 ,645.00 ,,645.00 
2023/1/4,592.00 ,640.50 ,605.00 ,580.00 ,610.00 ,,645.00 
2023/1/5,582.00 ,639.80 ,595.00 ,575.00 ,600.00 ,,625.00 
2023/1/6,586.00 ,642.80 ,600.00 ,579.00 ,605.00 ,,620.00 
2023/1/9,593.00 ,648.00 ,607.00 ,585.00 ,612.00 ,,617.00 
2023/1/10,588.00 ,630.00 ,601.00 ,578.00 ,606.00 ,,620.00 
2023/1/11,593.00 ,650.00 ,607.00 ,582.00 ,610.00 ,,615.00 
2023/1/12,615.00 ,650.00 ,649.00 ,609.00 ,635.00 ,,625.00 
2023/1/13,632.00 ,660.00 ,655.00 ,625.00 ,645.00 ,,645.00 
2023/1/16,640.00 ,660.00 ,645.00 ,638.00 ,650.00 ,,655.00 
2023/1/17,653.00 ,677.00 ,660.00 ,650.00 ,660.00 ,,662.00 
2023/1/18,662.00 ,695.00 ,675.00 ,663.00 ,670.00 ,,677.00 
2023/1/19,650.00 ,680.00 ,665.00 ,655.00 ,655.00 ,,712.00 
2023/1/20,670.00 ,709.50 ,694.30 ,680.00 ,675.00 ,,712.00 
2023/1/25,680.00 ,720.00 ,695.00 ,691.00 ,690.00 ,,712.00 
2023/1/26,680.00 ,730.00 ,695.00 ,690.00 ,690.00 ,,712.00 
2023/1/27,696.00 ,751.50 ,710.00 ,706.00 ,705.00 ,,712.00 
2023/1/30,677.00 ,730.00 ,691.00 ,686.00 ,685.00 ,,732.00 
2023/1/31,659.00 ,718.80 ,675.00 ,667.00 ,665.00 ,,712.00 
2023/2/1,706.00 ,740.00 ,695.00 ,695.00 ,685.00 ,,697.00 
2023/2/2,690.80 ,715.00 ,685.00 ,675.00 ,680.00 ,,717.00 
2023/2/3,666.30 ,690.50 ,660.00 ,645.00 ,655.00 ,,702.00 
2023/2/6,657.30 ,681.50 ,650.00 ,632.00 ,640.00 ,,682.00 
2023/2/7,661.80 ,676.00 ,663.00 ,645.00 ,650.00 ,,677.00 
2023/2/8,674.00 ,680.30 ,670.00 ,652.00 ,660.00 ,,687.00 
2023/2/9,687.30 ,695.50 ,683.00 ,665.00 ,660.00 ,,697.00 
2023/2/10,688.30 ,687.50 ,675.00 ,665.00 ,650.00 ,,697.00 
2023/2/13,685.00 ,690.00 ,675.00 ,661.00 ,655.00 ,,687.00 
2023/2/14,682.00 ,693.00 ,670.00 ,656.00 ,655.00 ,,685.00 
2023/2/15,670.00 ,690.00 ,655.00 ,640.00 ,645.00 ,,680.00 
2023/2/16,667.00 ,684.80 ,660.00 ,639.00 ,650.00 ,,672.00 
2023/2/17,649.30 ,660.00 ,639.00 ,609.00 ,630.00 ,,670.00 
2023/2/18,649.30 ,660.00 ,639.00 ,609.00 ,630.00 ,,650.00 
2023/2/20,659.00 ,650.00 ,645.00 ,614.00 ,630.00 ,,645.00 
2023/2/21,653.00 ,646.00 ,639.00 ,605.00 ,620.00 ,,645.00 
2023/2/22,640.00 ,613.50 ,620.00 ,585.00 ,605.00 ,,639.00 
2023/2/23,630.00 ,604.00 ,610.00 ,575.00 ,600.00 ,,629.00 
2023/2/24,650.00 ,625.00 ,630.00 ,595.00 ,620.00 ,,624.00 
2023/2/27,645.00 ,620.30 ,615.00 ,589.00 ,615.00 ,,624.00 
2023/2/28,645.00 ,620.00 ,615.00 ,592.00 ,615.00 ,,624.00 
2023/3/1,654.00 ,634.00 ,620.00 ,603.00 ,625.00 ,,639.00 
2023/3/2,650.00 ,630.00 ,605.00 ,598.00 ,610.00 ,,647.00 
2023/3/3,645.00 ,625.00 ,600.00 ,593.00 ,605.00 ,,642.00 
2023/3/6,650.00 ,641.50 ,615.30 ,600.00 ,610.00 ,,635.00 
2023/3/7,660.00 ,663.80 ,630.00 ,619.00 ,626.00 ,,645.00 
2023/3/8,640.00 ,657.30 ,611.00 ,600.00 ,610.00 ,,665.00 
2023/3/9,630.00 ,638.30 ,600.00 ,590.00 ,595.00 ,,650.00 
2023/3/10,620.00 ,610.80 ,590.00 ,580.00 ,585.00 ,,643.00 
2023/3/13,631.00 ,628.30 ,600.00 ,590.00 ,595.00 ,,633.00 
2023/3/14,610.00 ,610.00 ,585.00 ,570.00 ,570.00 ,,643.00 
2023/3/15,595.00 ,609.50 ,580.00 ,562.00 ,560.00 ,,627.00 
2023/3/16,578.80 ,596.30 ,565.00 ,542.00 ,540.00 ,,612.00 
2023/3/17,587.50 ,600.00 ,575.00 ,550.00 ,550.00 ,,594.00 
2023/3/20,580.00 ,576.00 ,555.00 ,533.00 ,528.00 ,,607.00 
2023/3/21,600.00 ,575.00 ,575.00 ,555.00 ,548.00 ,,587.00 
2023/3/22,605.00 ,580.50 ,575.00 ,557.00 ,555.00 ,,612.00 
2023/3/23,613.00 ,590.00 ,599.30 ,564.00 ,565.00 ,,612.00 
2023/3/24,606.00 ,580.80 ,580.00 ,554.00 ,560.00 ,,609.00 
2023/3/27,605.00 ,579.30 ,600.00 ,550.00 ,555.00 ,,603.00 
2023/3/28,620.00 ,580.00 ,605.00 ,568.00 ,575.00 ,,610.00 
2023/3/29,620.00 ,580.00 ,605.00 ,565.00 ,570.00 ,,628.00 
2023/3/30,615.00 ,593.80 ,620.00 ,567.00 ,565.00 ,,618.00 
2023/3/31,610.00 ,598.80 ,625.00 ,569.00 ,570.00 ,,623.00 
2023/4/3,635.00 ,625.00 ,645.00 ,594.00 ,610.00 ,,623.00 
2023/4/4,640.00 ,632.50 ,645.00 ,599.00 ,615.00 ,,623.00 
2023/4/5,640.00 ,625.00 ,642.00 ,597.00 ,615.00 ,,623.00 
2023/4/6,645.00 ,645.00 ,655.00 ,603.00 ,610.00 ,,653.00 
2023/4/10,650.00 ,640.00 ,655.00 ,612.00 ,625.00 ,,653.00 
2023/4/11,645.00 ,645.00 ,650.00 ,610.00 ,625.00 ,,659.00 
2023/4/12,645.00 ,635.00 ,650.00 ,612.00 ,630.00 ,,659.00 
2023/4/13,650.00 ,640.00 ,650.00 ,618.00 ,640.00 ,,666.00 
2023/4/14,640.00 ,625.00 ,640.00 ,615.00 ,640.00 ,,659.00 
2023/4/17,640.00 ,625.00 ,640.00 ,614.00 ,640.00 ,,656.00 
2023/4/18,635.00 ,622.80 ,635.00 ,609.00 ,634.00 ,,653.00 
2023/4/19,628.00 ,625.00 ,630.00 ,602.00 ,630.00 ,,653.00 
2023/4/20,610.00 ,614.30 ,615.00 ,585.00 ,610.00 ,,645.00 
2023/4/21,600.00 ,610.00 ,610.00 ,579.00 ,603.00 ,,630.00 
2023/4/24,605.00 ,610.00 ,615.00 ,584.00 ,605.00 ,,623.00 
2023/4/25,615.00 ,630.00 ,630.00 ,599.00 ,625.00 ,,630.00 
2023/4/26,600.00 ,610.00 ,615.00 ,585.00 ,605.00 ,,638.00 
2023/4/27,585.00 ,596.50 ,610.00 ,570.00 ,590.00 ,,628.00 
2023/4/28,590.00 ,606.30 ,620.00 ,577.00 ,595.00 ,,615.00 
2023/5/2,600.00 ,615.00 ,630.00 ,593.00 ,605.00 ,,615.00 
2023/5/3,572.00 ,580.00 ,605.00 ,565.00 ,580.00 ,,605.00 
2023/5/4,555.00 ,575.00 ,590.00 ,550.00 ,575.00 ,,595.00 
2023/5/5,555.00 ,581.80 ,590.00 ,550.00 ,580.00 ,,587.00 
2023/5/8,575.00 ,601.30 ,600.00 ,565.00 ,595.00 ,,593.00 
2023/5/9,570.00 ,605.00 ,590.00 ,563.00 ,580.00 ,,608.00 
2023/5/10,570.00 ,607.00 ,592.00 ,565.00 ,583.00 ,,605.00 
2023/5/11,575.00 ,610.80 ,595.00 ,567.00 ,586.00 ,,603.00 
2023/5/12,560.00 ,601.00 ,580.00 ,552.00 ,570.00 ,,612.00 
2023/5/15,560.00 ,605.00 ,585.00 ,550.00 ,575.00 ,,602.00 
2023/5/16,575.00 ,620.00 ,595.00 ,562.00 ,590.00 ,,610.00 
2023/5/17,575.00 ,605.00 ,590.00 ,561.00 ,585.00 ,,615.00 
2023/5/18,600.00 ,620.00 ,610.00 ,585.00 ,605.00 ,,620.00 
2023/5/19,585.00 ,610.00 ,600.00 ,575.00 ,595.00 ,,625.00 
2023/5/22,580.00 ,600.00 ,590.00 ,565.00 ,585.00 ,,617.00 
2023/5/23,570.00 ,595.00 ,585.00 ,560.00 ,580.00 ,,612.00 
2023/5/24,580.00 ,612.50 ,600.00 ,572.00 ,590.00 ,,612.00 
2023/5/25,585.00 ,600.00 ,605.00 ,575.00 ,590.00 ,,617.00 
2023/5/26,575.00 ,590.00 ,595.00 ,565.00 ,585.00 ,,607.00 
2023/5/30,575.00 ,595.00 ,610.00 ,565.00 ,585.00 ,,619.00 
2023/5/31,565.00 ,587.00 ,595.00 ,549.00 ,580.00 ,,612.00 
2023/6/1,560.00 ,599.50 ,611.30 ,546.00 ,575.00 ,,597.00 
2023/6/5,595.30 ,616.30 ,620.00 ,579.00 ,600.00 ,,602.00 
2023/6/6,587.80 ,614.80 ,605.00 ,567.00 ,585.00 ,,627.00 
2023/6/7,605.00 ,630.00 ,615.00 ,577.00 ,585.00 ,,607.00 
2023/6/8,610.30 ,625.00 ,615.00 ,581.00 ,590.00 ,,612.00 
2023/6/9,605.00 ,620.80 ,605.00 ,575.00 ,585.00 ,,617.00 
2023/6/12,592.00 ,605.00 ,590.00 ,560.00 ,575.00 ,,610.00 
2023/6/13,597.50 ,610.00 ,590.00 ,566.00 ,575.00 ,,600.00 
2023/6/14,615.80 ,615.00 ,605.00 ,585.00 ,591.00 ,,603.00 
2023/6/15,613.00 ,610.30 ,600.00 ,582.00 ,585.00 ,,613.00 
2023/6/16,630.80 ,628.00 ,620.00 ,600.00 ,600.00 ,,610.00 
2023/6/19,640.00 ,630.00 ,627.00 ,614.00 ,610.00 ,,630.00 
2023/6/20,643.00 ,640.00 ,630.00 ,611.00 ,615.00 ,,635.00 
2023/6/21,635.00 ,630.00 ,625.00 ,600.00 ,605.00 ,,635.00 
2023/6/22,645.00 ,630.00 ,633.00 ,607.00 ,605.00 ,,635.00 
2023/6/23,622.00 ,612.80 ,605.00 ,582.00 ,585.00 ,,635.00 
2023/6/26,622.00 ,610.00 ,600.00 ,582.00 ,580.00 ,,630.00 
2023/6/27,624.00 ,612.00 ,600.00 ,583.00 ,585.00 ,,627.00 
2023/6/28,616.00 ,603.50 ,590.00 ,575.00 ,580.00 ,,622.00 
2023/6/30,628.00 ,615.30 ,595.00 ,585.00 ,587.00 ,,622.00 
2023/7/3,625.00 ,600.00 ,585.00 ,584.00 ,580.00 ,,629.00 
2023/7/4,615.00 ,585.00 ,580.00 ,577.00 ,580.00 ,,622.00 
2023/7/5,620.00 ,585.00 ,580.00 ,575.00 ,580.00 ,,617.00 
2023/7/6,625.00 ,590.00 ,580.00 ,572.00 ,580.00 ,,615.00 
2023/7/7,625.00 ,583.00 ,580.00 ,569.00 ,580.00 ,,612.00 
2023/7/10,620.00 ,585.00 ,577.00 ,571.00 ,585.00 ,,615.00 
2023/7/11,610.00 ,580.00 ,580.00 ,565.00 ,575.00 ,,618.00 
2023/7/12,605.00 ,588.30 ,590.00 ,567.00 ,580.00 ,,612.00 
2023/7/13,615.00 ,601.50 ,595.00 ,570.00 ,580.00 ,,614.00 
2023/7/14,620.00 ,601.30 ,590.00 ,571.00 ,582.00 ,,614.00 
2023/7/17,604.00 ,589.80 ,575.00 ,557.00 ,565.00 ,,610.00 
2023/7/18,606.00 ,583.00 ,578.00 ,559.00 ,565.00 ,,600.00 
2023/7/19,610.00 ,592.30 ,591.00 ,560.00 ,567.00 ,,603.00 
2023/7/20,605.00 ,589.80 ,589.00 ,557.00 ,565.00 ,,607.00 
2023/7/21,610.00 ,584.00 ,585.00 ,565.00 ,570.00 ,,605.00 
2023/7/24,620.00 ,596.30 ,590.00 ,576.00 ,585.00 ,,608.00 
2023/7/25,630.00 ,618.80 ,595.00 ,585.00 ,595.00 ,,615.00 
2023/7/26,640.00 ,625.00 ,605.00 ,594.00 ,600.00 ,,625.00 
2023/7/27,645.00 ,630.00 ,607.00 ,602.00 ,605.00 ,,635.00 
2023/7/28,650.00 ,644.30 ,610.00 ,609.00 ,610.00 ,,640.00 
2023/7/31,655.00 ,643.50 ,613.00 ,610.00 ,620.00 ,,645.00 
2023/8/1,665.00 ,665.30 ,630.00 ,622.00 ,630.00 ,,647.00 
2023/8/2,670.00 ,660.00 ,635.00 ,630.00 ,631.00 ,,657.00 
2023/8/3,660.00 ,656.30 ,642.00 ,617.00 ,620.00 ,,657.00 
2023/8/4,680.00 ,680.80 ,660.00 ,638.00 ,640.00 ,,667.00 
2023/8/7,674.00 ,669.50 ,650.00 ,635.00 ,635.00 ,,682.00 
2023/8/8,667.00 ,669.00 ,640.00 ,630.00 ,630.00 ,,677.00 
2023/8/9,667.00 ,669.00 ,640.00 ,630.00 ,630.00 ,,669.00 
2023/8/10,690.00 ,692.00 ,672.00 ,650.00 ,650.00 ,,674.00 
2023/8/11,681.00 ,671.50 ,655.00 ,641.00 ,645.00 ,,684.00 
2023/8/14,684.00 ,682.30 ,669.50 ,643.00 ,645.00 ,,678.00 
2023/8/15,684.00 ,684.00 ,660.00 ,644.00 ,640.00 ,,678.00 
2023/8/16,674.00 ,675.00 ,650.00 ,637.00 ,635.00 ,,675.00 
2023/8/17,665.00 ,663.30 ,640.00 ,629.00 ,630.00 ,,670.00 
2023/8/18,670.00 ,664.50 ,647.00 ,634.00 ,635.00 ,,665.00 
2023/8/21,670.00 ,674.30 ,650.00 ,638.00 ,650.00 ,,670.00 
2023/8/22,657.00 ,655.00 ,645.00 ,627.00 ,640.00 ,,676.00 
2023/8/23,650.00 ,649.30 ,640.00 ,618.00 ,635.00 ,,666.00 
2023/8/24,650.00 ,655.30 ,640.00 ,618.00 ,635.00 ,,656.00 
2023/8/25,660.00 ,669.80 ,650.00 ,629.00 ,650.00 ,,651.00 
2023/8/28,667.00 ,660.30 ,668.30 ,634.00 ,660.00 ,,666.00 
2023/8/29,662.00 ,655.00 ,665.00 ,629.00 ,656.00 ,,666.00 
2023/8/30,663.00 ,664.00 ,678.30 ,629.00 ,654.00 ,,669.00 
2023/8/31,657.00 ,656.30 ,668.00 ,624.00 ,650.00 ,,669.00 
2023/9/4,665.00 ,648.00 ,675.00 ,634.00 ,660.00 ,,674.00 
2023/9/5,654.00 ,640.00 ,682.00 ,628.00 ,655.00 ,,671.00 
2023/9/6,667.00 ,651.80 ,685.00 ,636.00 ,660.00 ,,676.00 
2023/9/7,674.00 ,668.00 ,685.00 ,645.00 ,665.00 ,,686.00 
2023/9/8,672.00 ,660.00 ,675.00 ,645.00 ,660.00 ,,682.00 
2023/9/11,673.00 ,667.00 ,673.00 ,647.00 ,660.00 ,,680.00 
2023/9/12,676.00 ,670.00 ,676.00 ,648.00 ,665.00 ,,678.00 
2023/9/13,684.00 ,675.00 ,683.00 ,657.00 ,670.00 ,,683.00 
2023/9/14,693.00 ,684.00 ,690.00 ,667.00 ,680.00 ,,687.00 
2023/9/15,700.00 ,695.50 ,695.00 ,673.00 ,685.00 ,,702.00 
2023/9/18,696.00 ,698.50 ,685.00 ,669.00 ,680.00 ,,707.00 
2023/9/19,690.00 ,695.00 ,680.00 ,667.00 ,675.00 ,,709.00 
2023/9/20,683.00 ,696.00 ,675.00 ,664.00 ,670.00 ,,704.00 
2023/9/21,672.00 ,685.00 ,665.00 ,656.00 ,660.00 ,,699.00 
2023/9/22,680.00 ,693.80 ,670.00 ,667.00 ,670.00 ,,703.00 
2023/9/25,680.00 ,695.00 ,665.00 ,665.00 ,670.00 ,,703.00 
2023/9/26,670.00 ,680.00 ,655.00 ,659.00 ,660.00 ,,699.00 
2023/9/27,690.00 ,706.00 ,675.00 ,677.00 ,680.00 ,,696.00 
2023/9/28,692.00 ,699.30 ,680.00 ,679.00 ,685.00 ,,726.00 
2023/9/29,689.80 ,695.00 ,671.00 ,672.00 ,680.00 ,,726.00 
2023/10/2,690.00 ,697.00 ,679.00 ,680.00 ,685.00 ,,721.00 
2023/10/3,685.00 ,692.30 ,669.00 ,674.00 ,679.00 ,,721.00 
2023/10/4,675.00 ,687.30 ,664.00 ,664.00 ,669.00 ,,714.00 
2023/10/5,645.00 ,660.00 ,645.00 ,628.00 ,645.00 ,,699.00 
2023/10/6,645.00 ,661.80 ,645.00 ,628.00 ,640.00 ,,679.00 
2023/10/9,660.00 ,686.30 ,655.00 ,645.00 ,655.00 ,,679.00 
2023/10/10,655.00 ,694.80 ,655.00 ,643.00 ,660.00 ,,679.00 
2023/10/11,663.50 ,685.00 ,655.00 ,643.00 ,660.00 ,,687.00 
2023/10/12,665.80 ,702.30 ,655.00 ,648.00 ,660.00 ,,682.00 
2023/10/13,680.00 ,700.00 ,670.00 ,665.00 ,675.00 ,,682.00 
2023/10/16,690.00 ,708.50 ,685.00 ,674.00 ,680.00 ,,697.00 
2023/10/17,683.00 ,709.00 ,680.00 ,667.00 ,673.00 ,,709.00 
2023/10/18,697.00 ,700.00 ,695.00 ,684.00 ,683.00 ,,707.00 
2023/10/19,688.00 ,702.00 ,685.00 ,671.00 ,672.00 ,,719.00 
2023/10/20,700.00 ,719.30 ,696.00 ,681.00 ,683.00 ,,716.00 
2023/10/23,690.00 ,713.30 ,686.00 ,671.00 ,674.00 ,,712.00 
2023/10/24,678.00 ,710.00 ,675.00 ,661.00 ,665.00 ,,702.00 
2023/10/25,674.50 ,697.50 ,656.80 ,650.00 ,660.00 ,,695.00 
2023/10/26,684.00 ,703.50 ,660.00 ,661.00 ,670.00 ,,685.00 
2023/10/27,687.00 ,710.50 ,662.00 ,664.00 ,675.00 ,,688.00 
2023/10/30,685.00 ,712.00 ,665.00 ,665.00 ,675.00 ,,693.00 
2023/10/31,690.00 ,716.00 ,670.00 ,672.00 ,680.00 ,,691.00 
2023/11/1,698.00 ,714.00 ,675.00 ,700.00 ,685.00 ,,689.00 
2023/11/2,690.00 ,705.80 ,676.30 ,685.00 ,685.00 ,,709.00 
2023/11/3,697.00 ,715.00 ,699.30 ,690.00 ,700.00 ,,704.00 
2023/11/6,690.00 ,706.50 ,685.00 ,685.00 ,690.00 ,,709.00 
2023/11/7,680.00 ,692.50 ,675.00 ,678.00 ,680.00 ,,704.00 
2023/11/8,681.00 ,665.00 ,665.00 ,670.00 ,680.00 ,,692.00 
2023/11/9,676.00 ,660.00 ,655.00 ,667.00 ,670.00 ,,687.00 
2023/11/10,679.30 ,665.30 ,655.00 ,670.00 ,670.00 ,,677.00 
2023/11/14,691.00 ,687.80 ,669.00 ,686.00 ,685.00 ,,682.00 
2023/11/15,685.00 ,662.50 ,668.00 ,682.00 ,685.00 ,,689.00 
2023/11/16,682.80 ,660.30 ,670.00 ,674.00 ,679.00 ,,684.00 
2023/11/17,683.00 ,661.50 ,665.00 ,672.00 ,678.00 ,,679.00 
2023/11/20,705.00 ,691.30 ,687.00 ,699.00 ,700.00 ,,692.00 
2023/11/21,700.00 ,678.80 ,685.00 ,696.00 ,700.00 ,,722.00 
2023/11/22,697.80 ,666.50 ,690.00 ,690.00 ,690.00 ,,722.00 
2023/11/23,677.00 ,655.50 ,680.00 ,695.00 ,680.00 ,,697.00 
2023/11/24,670.00 ,660.00 ,680.00 ,685.00 ,680.00 ,,682.00 
2023/11/27,641.00 ,644.30 ,650.00 ,650.00 ,655.00 ,,679.00 
2023/11/28,642.00 ,654.00 ,650.00 ,650.00 ,655.00 ,,649.00 
2023/11/29,643.00 ,664.00 ,655.00 ,652.00 ,655.00 ,,649.00 
2023/11/30,662.00 ,677.50 ,674.00 ,665.00 ,665.00 ,,649.00 
2023/12/1,653.80 ,659.30 ,660.00 ,650.00 ,655.00 ,,659.00 
2023/12/4,635.00 ,634.50 ,634.00 ,625.00 ,635.00 ,,649.00 
2023/12/5,640.00 ,646.80 ,638.00 ,630.00 ,640.00 ,,635.00 
2023/12/6,635.00 ,641.00 ,625.00 ,615.00 ,625.00 ,,635.00 
2023/12/7,613.00 ,620.50 ,600.00 ,588.00 ,600.00 ,,625.00 
2023/12/8,618.00 ,621.00 ,605.00 ,594.00 ,610.00 ,,600.00 
2023/12/11,625.00 ,620.00 ,605.00 ,596.00 ,610.00 ,,605.00 
2023/12/12,629.50 ,625.50 ,605.00 ,590.00 ,625.00 ,,605.00 
2023/12/13,611.00 ,600.00 ,582.00 ,567.00 ,600.00 ,,601.00 
2023/12/14,635.50 ,632.50 ,590.00 ,578.00 ,620.00 ,,591.00 
2023/12/15,645.50 ,648.50 ,595.00 ,585.00 ,635.00 ,,616.00 
2023/12/18,656.80 ,662.80 ,605.00 ,594.00 ,640.00 ,,616.00 
2023/12/19,666.50 ,686.50 ,615.00 ,605.00 ,655.00 ,,631.00 
2023/12/20,674.50 ,709.50 ,620.00 ,612.00 ,655.00 ,,641.00 
2023/12/21,665.00 ,705.50 ,615.00 ,607.00 ,650.00 ,,649.00 
2023/12/22,667.00 ,711.00 ,618.00 ,612.00 ,660.00 ,,644.00 
2023/12/26,665.00 ,708.80 ,610.00 ,604.00 ,660.00 ,,638.00 
2023/12/27,674.00 ,708.00 ,620.00 ,614.00 ,675.00 ,,636.00 
2023/12/28,666.00 ,678.80 ,612.00 ,606.00 ,670.00 ,,646.00 
2023/12/29,655.00 ,658.50 ,600.00 ,594.00 ,659.00 ,,638.00 
2024/1/2,665.00 ,666.30 ,615.00 ,604.00 ,659.00 ,647.00 ,638.00 
2024/1/3,651.00 ,666.30 ,601.00 ,589.00 ,640.00 ,628.00 ,638.00 
2024/1/4,667.00 ,662.50 ,615.00 ,603.00 ,645.00 ,635.00 ,633.00 
2024/1/5,658.00 ,630.80 ,601.00 ,590.00 ,635.00 ,630.00 ,643.00 
2024/1/8,655.00 ,626.00 ,601.00 ,586.00 ,620.00 ,612.00 ,630.00 
2024/1/9,649.00 ,615.80 ,595.00 ,579.00 ,611.00 ,601.00 ,615.00 
2024/1/10,655.00 ,614.00 ,600.00 ,584.00 ,616.00 ,601.00 ,618.00 
2024/1/11,648.00 ,608.00 ,594.00 ,579.00 ,614.00 ,600.00 ,621.00 
2024/1/12,658.00 ,623.80 ,633.80 ,583.00 ,620.00 ,600.00 ,641.00 
2024/1/15,662.00 ,616.30 ,610.00 ,585.00 ,625.00 ,605.00 ,626.00 
2024/1/16,660.00 ,619.50 ,608.00 ,590.00 ,625.00 ,610.00 ,621.00 
2024/1/17,653.00 ,621.80 ,610.00 ,594.00 ,625.00 ,605.00 ,616.00 
2024/1/18,657.00 ,618.00 ,615.80 ,606.00 ,635.00 ,615.00 ,621.00 
2024/1/19,672.00 ,627.00 ,634.00 ,624.00 ,640.00 ,625.00 ,631.00 
2024/1/22,666.00 ,625.50 ,623.80 ,614.00 ,640.00 ,619.00 ,641.00 
2024/1/23,670.00 ,633.30 ,640.00 ,624.00 ,644.00 ,629.00 ,637.00 
2024/1/24,668.00 ,614.00 ,645.00 ,624.00 ,640.00 ,625.00 ,645.00 
2024/1/25,675.00 ,630.80 ,655.00 ,640.00 ,645.00 ,635.00 ,642.00 
2024/1/26,689.00 ,653.80 ,670.00 ,657.00 ,660.00 ,646.00 ,655.00 
2024/1/29,700.00 ,671.50 ,685.00 ,666.00 ,670.00 ,659.00 ,673.00 
2024/1/30,687.00 ,658.00 ,676.00 ,657.00 ,670.00 ,660.00 ,683.00 
2024/1/31,685.00 ,663.30 ,672.00 ,657.00 ,668.00 ,655.00 ,678.00 
2024/2/1,659.00 ,645.30 ,651.00 ,640.00 ,645.00 ,635.00 ,673.00 
2024/2/2,657.00 ,638.50 ,645.00 ,634.00 ,640.00 ,628.00 ,660.00 
2024/2/5,655.00 ,625.30 ,635.00 ,620.00 ,636.00 ,624.00 ,650.00 
2024/2/6,659.00 ,635.00 ,635.00 ,620.00 ,638.00 ,629.00 ,645.00 
2024/2/14,702.00 ,676.00 ,663.00 ,646.00 ,662.00 ,652.00 ,662.00 
2024/2/15,686.00 ,668.30 ,645.00 ,635.00 ,646.00 ,637.00 ,669.00 
2024/2/16,699.00 ,663.00 ,650.00 ,639.00 ,655.00 ,645.00 ,659.00 
2024/2/19,699.00 ,655.00 ,645.00 ,635.00 ,650.00 ,640.00 ,659.00 
2024/2/20,698.00 ,660.00 ,649.00 ,637.00 ,644.00 ,634.00 ,659.00 
2024/2/21,693.00 ,671.30 ,643.00 ,630.00 ,635.00 ,629.00 ,655.00 
2024/2/22,700.00 ,682.50 ,651.00 ,635.00 ,640.00 ,634.00 ,657.00 
2024/2/23,693.00 ,659.00 ,641.00 ,627.00 ,634.00 ,629.00 ,662.00 
2024/2/26,685.00 ,645.00 ,633.00 ,619.00 ,621.00 ,617.00 ,652.00 
2024/2/27,697.00 ,655.00 ,644.00 ,631.00 ,626.00 ,624.00 ,647.00 
2024/2/28,701.00 ,662.30 ,645.00 ,635.00 ,630.00 ,628.00 ,647.00 
2024/2/29,699.00 ,656.30 ,640.00 ,628.00 ,620.00 ,615.00 ,662.00 
2024/3/1,703.00 ,657.80 ,640.00 ,630.00 ,619.00 ,614.00 ,657.00 
2024/3/4,707.00 ,673.80 ,650.00 ,644.00 ,638.00 ,632.00 ,661.00 
2024/3/5,694.00 ,670.30 ,644.00 ,633.00 ,630.00 ,625.00 ,666.00 
2024/3/6,686.00 ,659.00 ,641.00 ,625.00 ,623.00 ,618.00 ,657.00 
2024/3/7,685.00 ,669.50 ,643.00 ,630.00 ,626.00 ,619.00 ,652.00 
2024/3/8,685.00 ,666.50 ,644.00 ,633.00 ,626.00 ,620.00 ,659.00 
2024/3/11,677.00 ,648.80 ,635.00 ,625.00 ,618.00 ,612.00 ,655.00 
2024/3/12,685.00 ,664.30 ,637.00 ,629.00 ,625.00 ,619.00 ,647.00 
2024/3/13,680.00 ,656.50 ,632.00 ,625.00 ,615.00 ,610.00 ,652.00 
2024/3/14,688.00 ,668.00 ,635.00 ,634.00 ,627.00 ,622.00 ,650.00 
2024/3/15,688.00 ,669.80 ,639.00 ,635.00 ,627.00 ,623.00 ,657.00 
2024/3/18,691.00 ,673.00 ,644.00 ,643.00 ,634.00 ,630.00 ,657.00 
2024/3/19,687.00 ,669.80 ,645.00 ,643.00 ,635.00 ,631.00 ,665.00 
2024/3/20,684.00 ,658.00 ,643.00 ,640.00 ,629.00 ,626.00 ,668.00 
2024/3/21,674.00 ,658.00 ,640.00 ,634.00 ,626.00 ,623.00 ,666.00 
2024/3/22,674.00 ,650.00 ,640.00 ,634.00 ,622.00 ,620.00 ,659.00 
2024/3/25,674.00 ,666.00 ,642.00 ,638.00 ,624.00 ,621.00 ,655.00 
2024/3/26,670.00 ,655.00 ,643.00 ,639.00 ,629.00 ,626.00 ,659.00 
2024/3/27,665.00 ,645.00 ,635.00 ,630.00 ,629.00 ,624.00 ,657.00 
2024/3/28,670.00 ,666.00 ,640.00 ,634.00 ,634.00 ,629.00 ,652.00 
2024/4/1,675.00 ,650.00 ,646.00 ,639.00 ,637.00 ,633.00 ,659.00 
2024/4/2,681.00 ,668.50 ,653.00 ,645.00 ,641.00 ,637.00 ,663.00 
2024/4/3,680.00 ,658.50 ,669.00 ,645.00 ,640.00 ,635.00 ,673.00 
2024/4/4,678.00 ,666.80 ,649.00 ,640.00 ,638.00 ,635.00 ,673.00 
2024/4/5,687.00 ,667.00 ,656.00 ,651.00 ,643.00 ,640.00 ,673.00 
2024/4/8,682.00 ,669.50 ,650.00 ,646.00 ,639.00 ,635.00 ,670.00 
2024/4/9,683.00 ,674.80 ,650.00 ,645.00 ,643.00 ,639.00 ,667.00 
2024/4/10,705.00 ,655.00 ,651.00 ,652.00 ,760.40 ,753.50 ,665.00 
2024/4/11,680.00 ,672.50 ,650.00 ,644.00 ,643.00 ,639.00 ,668.00 
2024/4/12,678.00 ,675.00 ,650.00 ,643.00 ,645.00 ,641.00 ,668.00 
2024/4/15,670.00 ,663.00 ,645.00 ,638.00 ,640.00 ,636.00 ,665.00 
2024/4/16,676.00 ,667.80 ,652.00 ,648.00 ,649.00 ,645.00 ,657.00 
2024/4/17,673.00 ,664.00 ,652.00 ,646.00 ,649.00 ,645.00 ,669.00 
2024/4/18,658.00 ,660.50 ,642.00 ,638.00 ,645.00 ,641.00 ,666.00 
2024/4/19,658.00 ,660.30 ,644.00 ,640.00 ,647.00 ,643.00 ,666.00 
2024/4/22,646.00 ,646.00 ,661.50 ,632.00 ,639.00 ,635.00 ,663.00 
2024/4/23,658.00 ,660.00 ,673.00 ,643.00 ,649.00 ,645.00 ,653.00 
2024/4/24,656.00 ,660.50 ,656.00 ,643.00 ,647.00 ,643.00 ,660.00 
2024/4/25,653.00 ,668.00 ,651.00 ,640.00 ,644.00 ,640.00 ,658.00 
2024/4/26,659.00 ,655.00 ,654.00 ,646.00 ,648.00 ,644.00 ,656.00 
2024/4/29,657.00 ,667.80 ,650.00 ,642.00 ,644.00 ,640.00 ,656.00 
2024/4/30,650.00 ,667.30 ,644.00 ,636.00 ,640.00 ,635.00 ,654.00 
2024/5/2,631.00 ,643.80 ,626.00 ,619.00 ,623.00 ,618.00 ,652.00 
2024/5/3,628.00 ,619.00 ,623.00 ,618.00 ,621.00 ,616.00 ,637.00 
2024/5/6,628.00 ,631.30 ,625.00 ,618.00 ,621.00 ,616.00 ,634.00 
2024/5/7,629.00 ,646.50 ,629.00 ,621.00 ,625.00 ,620.00 ,637.00 
2024/5/8,621.00 ,621.00 ,620.00 ,611.00 ,620.00 ,615.00 ,640.00 
2024/5/9,635.00 ,651.00 ,634.00 ,626.00 ,629.00 ,624.00 ,637.00 
2024/5/10,637.00 ,656.80 ,632.00 ,626.00 ,630.00 ,625.00 ,655.00 
2024/5/13,628.00 ,635.80 ,625.00 ,619.00 ,615.00 ,612.00 ,655.00 
2024/5/14,624.00 ,635.00 ,623.00 ,616.00 ,613.00 ,610.00 ,642.00 
2024/5/15,624.00 ,637.00 ,622.00 ,618.00 ,614.00 ,611.00 ,642.00 
2024/5/16,624.00 ,650.30 ,620.00 ,614.00 ,611.00 ,608.00 ,642.00 
2024/5/17,625.00 ,625.00 ,620.00 ,615.00 ,609.00 ,606.00 ,639.00 
2024/5/20,630.00 ,640.50 ,625.00 ,618.00 ,611.00 ,609.00 ,642.00 
2024/5/21,624.00 ,632.50 ,615.00 ,608.00 ,598.00 ,595.00 ,642.00 
2024/5/22,651.00 ,620.00 ,621.00 ,615.00 ,600.00 ,595.00 ,632.00 
2024/5/23,608.00 ,624.00 ,600.00 ,592.00 ,588.00 ,585.00 ,625.00 
2024/5/24,602.00 ,624.80 ,592.00 ,582.00 ,580.00 ,578.00 ,612.00 
2024/5/27,598.00 ,620.00 ,613.00 ,590.00 ,585.00 ,580.00 ,607.00 
2024/5/28,618.00 ,622.00 ,605.00 ,595.00 ,590.00 ,589.00 ,612.00 
2024/5/29,627.00 ,638.30 ,618.30 ,604.00 ,600.00 ,599.00 ,625.00 
2024/5/30,621.00 ,606.00 ,610.00 ,595.00 ,595.00 ,594.00 ,629.00 
2024/5/31,616.00 ,613.00 ,606.00 ,589.00 ,590.00 ,589.00 ,619.00 
2024/6/3,615.00 ,618.00 ,605.00 ,587.00 ,588.00 ,586.00 ,614.00 
2024/6/4,597.00 ,602.30 ,590.00 ,569.00 ,573.00 ,571.00 ,611.00 
2024/6/5,598.00 ,602.00 ,581.00 ,566.00 ,569.00 ,567.00 ,597.00 
2024/6/6,606.00 ,591.50 ,585.00 ,572.00 ,572.00 ,570.00 ,594.00 
2024/6/7,612.00 ,599.50 ,585.00 ,573.00 ,572.00 ,570.00 ,597.00 
2024/6/10,618.00 ,609.50 ,585.00 ,574.00 ,574.00 ,572.00 ,597.00 
2024/6/11,632.00 ,610.00 ,597.00 ,585.00 ,584.00 ,583.00 ,605.00 
2024/6/12,642.00 ,617.30 ,602.00 ,591.00 ,586.00 ,585.00 ,611.00 
2024/6/13,640.00 ,622.80 ,600.00 ,589.00 ,584.00 ,583.00 ,619.00 
2024/6/14,646.00 ,615.00 ,604.00 ,593.00 ,588.00 ,587.00 ,614.00 
2024/6/17,597.00 ,620.00 ,606.00 ,596.00 ,,,618.00 
2024/6/18,650.00 ,619.00 ,612.00 ,601.00 ,595.00 ,594.00 ,622.00 
2024/6/19,657.00 ,619.00 ,620.00 ,607.00 ,601.00 ,600.00 ,628.00 
2024/6/20,656.00 ,627.80 ,619.00 ,607.00 ,601.00 ,600.00 ,631.00 
2024/6/21,656.00 ,636.80 ,621.00 ,608.00 ,598.00 ,597.00 ,628.00 
2024/6/24,659.00 ,641.30 ,619.00 ,611.00 ,601.00 ,600.00 ,628.00 
2024/6/25,665.00 ,643.00 ,625.00 ,618.00 ,605.00 ,604.00 ,633.00 
2024/6/26,663.00 ,648.80 ,624.00 ,617.00 ,604.00 ,603.00 ,641.00 
2024/6/27,665.00 ,651.30 ,636.00 ,623.00 ,609.00 ,608.00 ,638.00 
2024/6/28,665.00 ,654.00 ,635.00 ,625.00 ,615.00 ,612.00 ,648.00 
2024/7/1,665.00 ,654.50 ,630.00 ,624.00 ,615.00 ,612.00 ,648.00 
2024/7/2,680.00 ,669.00 ,643.00 ,639.00 ,631.00 ,628.00 ,648.00 
2024/7/3,678.00 ,665.30 ,638.00 ,633.00 ,631.00 ,628.00 ,663.00 
2024/7/4,680.00 ,667.30 ,636.00 ,634.00 ,631.00 ,630.00 ,658.00 
2024/7/5,686.00 ,661.50 ,645.00 ,640.00 ,634.00 ,631.00 ,656.00 
2024/7/8,680.00 ,654.30 ,634.00 ,630.00 ,628.00 ,625.00 ,661.00 
2024/7/9,674.00 ,655.00 ,630.00 ,624.00 ,620.00 ,617.00 ,654.00 
2024/7/10,668.00 ,628.00 ,625.00 ,620.00 ,620.00 ,617.00 ,649.00 
2024/7/11,672.00 ,640.00 ,625.00 ,620.00 ,623.00 ,619.00 ,647.00 
2024/7/12,680.00 ,628.00 ,628.00 ,623.00 ,628.00 ,624.00 ,649.00 
2024/7/15,675.00 ,635.30 ,623.00 ,620.00 ,623.00 ,620.00 ,647.00 
2024/7/16,672.00 ,633.00 ,620.00 ,613.00 ,622.00 ,618.00 ,642.00 
2024/7/17,671.00 ,626.30 ,619.00 ,609.00 ,618.00 ,615.00 ,632.00 
2024/7/18,678.00 ,631.00 ,624.00 ,618.00 ,623.00 ,620.00 ,632.00 
2024/7/19,680.00 ,632.00 ,623.00 ,617.00 ,622.00 ,619.00 ,639.00 
2024/7/22,666.00 ,610.00 ,608.00 ,607.00 ,612.00 ,609.00 ,639.00 
2024/7/23,667.00 ,624.80 ,612.00 ,609.00 ,612.00 ,609.00 ,627.00 
2024/7/24,665.00 ,627.80 ,613.30 ,606.00 ,610.00 ,607.00 ,627.00 
2024/7/25,665.00 ,620.00 ,612.00 ,606.00 ,608.00 ,605.00 ,627.00 
2024/7/26,671.00 ,620.00 ,617.30 ,613.00 ,613.00 ,610.00 ,622.00 
2024/7/29,671.00 ,616.00 ,615.00 ,612.00 ,618.00 ,615.00 ,624.00 
2024/7/30,664.00 ,615.30 ,610.00 ,607.00 ,618.00 ,615.00 ,621.00 
2024/7/31,666.00 ,615.80 ,610.00 ,610.00 ,608.00 ,605.00 ,616.00 
2024/8/1,670.00 ,633.80 ,615.00 ,618.00 ,611.00 ,608.00 ,625.00 
2024/8/2,665.00 ,632.50 ,606.00 ,608.00 ,605.00 ,602.00 ,622.00 
2024/8/5,643.00 ,614.80 ,580.00 ,580.00 ,590.00 ,587.00 ,615.00 
2024/8/6,646.00 ,616.30 ,585.00 ,581.00 ,587.00 ,584.00 ,597.00 
2024/8/7,650.00 ,626.00 ,585.00 ,582.00 ,586.00 ,585.00 ,592.00 
2024/8/8,658.00 ,607.00 ,614.00 ,587.00 ,590.00 ,589.00 ,599.00 
2024/8/9,675.00 ,630.00 ,597.50 ,590.00 ,,,604.00 
2024/8/12,670.00 ,633.00 ,615.00 ,597.00 ,600.00 ,599.00 ,604.00 
2024/8/13,678.00 ,649.00 ,620.00 ,609.00 ,605.00 ,604.00 ,612.00 
2024/8/14,672.00 ,640.00 ,610.00 ,601.00 ,602.00 ,601.00 ,622.00 
2024/8/15,661.00 ,613.00 ,604.00 ,595.00 ,595.00 ,594.00 ,613.00 
2024/8/16,663.00 ,619.00 ,605.00 ,597.00 ,595.00 ,594.00 ,610.00 
2024/8/19,658.00 ,612.00 ,600.00 ,593.00 ,595.00 ,594.00 ,607.00 
2024/8/20,651.00 ,608.00 ,595.00 ,589.00 ,591.00 ,590.00 ,605.00 
2024/8/21,653.00 ,608.00 ,600.00 ,598.00 ,596.00 ,595.00 ,600.00 
2024/8/22,649.00 ,618.00 ,600.00 ,609.00 ,594.00 ,593.00 ,605.00 
2024/8/23,652.00 ,620.00 ,610.00 ,621.00 ,600.00 ,599.00 ,615.00 
2024/8/26,665.00 ,631.00 ,625.00 ,635.00 ,616.00 ,615.00 ,625.00 
2024/8/27,669.00 ,648.30 ,633.00 ,645.00 ,622.00 ,620.00 ,635.00 
2024/8/28,654.00 ,635.00 ,637.00 ,633.00 ,617.00 ,615.00 ,638.00 
2024/8/29,642.00 ,629.80 ,632.00 ,623.00 ,606.00 ,605.00 ,628.00 
2024/8/30,650.00 ,630.00 ,654.00 ,630.00 ,618.00 ,617.00 ,623.00 
2024/9/2,637.00 ,620.00 ,640.00 ,620.00 ,608.00 ,607.00 ,628.00 
2024/9/3,642.00 ,636.80 ,645.00 ,635.00 ,611.00 ,610.00 ,620.00 
2024/9/4,629.00 ,626.30 ,625.00 ,619.00 ,606.00 ,605.00 ,630.00 
2024/9/5,637.00 ,637.80 ,630.00 ,627.00 ,613.00 ,612.00 ,620.00 
2024/9/6,630.00 ,629.80 ,622.00 ,615.00 ,610.00 ,609.00 ,627.00 
2024/9/9,613.00 ,616.30 ,603.00 ,592.00 ,595.00 ,594.00 ,630.00 
2024/9/10,601.00 ,602.00 ,595.00 ,582.00 ,586.00 ,585.00 ,620.00 
2024/9/11,593.00 ,595.00 ,585.00 ,575.00 ,580.00 ,577.00 ,615.00 
2024/9/12,589.00 ,607.30 ,582.00 ,572.00 ,581.00 ,578.00 ,607.00 
2024/9/13,597.00 ,605.50 ,590.00 ,580.00 ,589.00 ,586.00 ,604.00 
2024/9/16,591.00 ,587.80 ,590.00 ,579.00 ,588.00 ,585.00 ,606.00 
2024/9/17,597.00 ,583.00 ,590.00 ,585.00 ,593.00 ,590.00 ,606.00 
2024/9/18,590.00 ,591.80 ,586.00 ,579.00 ,587.00 ,584.00 ,606.00 
2024/9/19,592.00 ,602.80 ,590.00 ,582.00 ,593.00 ,590.00 ,601.00 
2024/9/20,610.00 ,615.00 ,605.00 ,598.00 ,613.00 ,610.00 ,603.00 
2024/9/23,613.00 ,615.00 ,605.00 ,599.00 ,618.00 ,615.00 ,615.00 
2024/9/24,630.00 ,625.00 ,614.00 ,608.00 ,628.00 ,625.00 ,620.00 
2024/9/25,624.00 ,629.00 ,607.00 ,598.00 ,626.00 ,623.00 ,627.00 
2024/9/26,602.00 ,613.00 ,586.00 ,577.00 ,602.00 ,599.00 ,619.00 
2024/9/27,605.00 ,611.00 ,583.00 ,574.00 ,600.00 ,598.00 ,599.00 
2024/9/30,613.00 ,626.00 ,590.00 ,578.00 ,606.00 ,603.00 ,596.00 
2024/10/1,592.00 ,595.00 ,572.00 ,557.00 ,593.00 ,590.00 ,602.00 
2024/10/2,625.00 ,640.00 ,605.00 ,587.00 ,618.00 ,615.00 ,602.00 
2024/10/3,621.00 ,633.00 ,601.00 ,583.00 ,616.00 ,613.00 ,602.00 
2024/10/4,641.00 ,654.30 ,639.00 ,605.00 ,638.00 ,635.00 ,617.00 
2024/10/7,643.00 ,654.30 ,638.00 ,607.00 ,635.00 ,632.00 ,632.00 
2024/10/8,643.00 ,655.30 ,640.00 ,609.00 ,620.00 ,617.00 ,637.00 
2024/10/9,633.00 ,626.00 ,618.00 ,599.00 ,605.00 ,603.00 ,642.00 
2024/10/10,638.00 ,631.00 ,620.00 ,604.00 ,610.00 ,608.00 ,642.00 
2024/10/11,645.00 ,650.00 ,631.00 ,617.00 ,619.00 ,617.00 ,645.00 
2024/10/14,636.00 ,635.00 ,620.00 ,607.00 ,617.00 ,615.00 ,655.00 
2024/10/15,615.00 ,618.00 ,600.00 ,587.00 ,600.00 ,598.00 ,640.00 
2024/10/16,615.00 ,625.50 ,601.00 ,587.00 ,597.00 ,595.00 ,617.00 
2024/10/17,615.00 ,623.00 ,631.30 ,585.00 ,597.00 ,595.00 ,617.00 
2024/10/18,615.00 ,622.00 ,611.00 ,584.00 ,599.00 ,597.00 ,612.00 
2024/10/21,610.00 ,619.00 ,605.00 ,581.00 ,602.00 ,600.00 ,607.00 
2024/10/22,615.00 ,625.30 ,602.80 ,585.00 ,605.00 ,603.00 ,605.00 
2024/10/23,626.00 ,635.00 ,614.00 ,598.00 ,612.00 ,610.00 ,605.00 
2024/10/24,631.00 ,639.00 ,622.00 ,607.00 ,620.00 ,618.00 ,615.00 
2024/10/25,611.00 ,617.00 ,602.00 ,588.00 ,602.00 ,600.00 ,625.00 
2024/10/28,597.00 ,600.00 ,588.00 ,574.00 ,588.00 ,585.00 ,605.00 
2024/10/29,585.00 ,590.00 ,584.00 ,569.00 ,581.00 ,578.00 ,590.00 
2024/10/30,597.00 ,595.00 ,596.00 ,581.00 ,593.00 ,590.00 ,585.00 
2024/11/1,604.00 ,595.00 ,601.00 ,594.00 ,602.00 ,600.00 ,595.00 
2024/11/4,604.00 ,596.30 ,600.00 ,587.00 ,600.00 ,598.00 ,605.00 
2024/11/5,615.00 ,598.30 ,633.00 ,592.00 ,600.00 ,598.00 ,605.00 
2024/11/6,611.00 ,582.00 ,597.00 ,589.00 ,597.00 ,595.00 ,608.00 
2024/11/7,606.00 ,590.00 ,593.00 ,585.00 ,592.00 ,590.00 ,603.00 
2024/11/8,605.00 ,590.00 ,589.00 ,580.00 ,592.00 ,590.00 ,601.00 
2024/11/11,598.00 ,598.00 ,584.00 ,573.00 ,586.00 ,584.00 ,596.00 
2024/11/12,589.00 ,587.30 ,579.00 ,564.00 ,576.00 ,575.00 ,591.00 
2024/11/13,589.00 ,585.00 ,579.00 ,563.00 ,581.00 ,580.00 ,583.00 
2024/11/14,589.00 ,583.80 ,578.00 ,561.00 ,584.00 ,583.00 ,581.00 
2024/11/15,586.00 ,578.30 ,574.00 ,555.00 ,576.00 ,573.00 ,579.00 
2024/11/18,585.00 ,588.30 ,573.00 ,551.00 ,574.00 ,571.00 ,574.00 
2024/11/19,589.00 ,592.00 ,581.00 ,558.00 ,581.00 ,579.00 ,574.00 
2024/11/20,588.00 ,582.00 ,581.00 ,559.00 ,582.00 ,580.00 ,579.00 
2024/11/21,590.00 ,582.00 ,581.00 ,561.00 ,581.00 ,580.00 ,579.00 
2024/11/22,590.00 ,590.00 ,590.00 ,564.00 ,585.00 ,584.00 ,582.00 
2024/11/25,585.00 ,595.00 ,585.00 ,560.00 ,579.00 ,579.00 ,587.00 
2024/11/26,576.00 ,577.00 ,575.00 ,552.00 ,577.00 ,577.00 ,582.00 
2024/11/27,569.00 ,580.30 ,569.00 ,545.00 ,574.00 ,574.00 ,572.00 
2024/11/28,563.00 ,576.00 ,575.00 ,540.00 ,574.00 ,574.00 ,567.00 
2024/11/29,566.00 ,579.50 ,590.00 ,543.00 ,582.00 ,582.00 ,564.00 
2024/12/2,564.00 ,589.00 ,590.00 ,543.00 ,580.00 ,580.00 ,564.00 
2024/12/3,574.00 ,588.00 ,594.00 ,552.00 ,580.00 ,580.00 ,570.00 
2024/12/4,574.00 ,588.00 ,594.00 ,552.00 ,580.00 ,580.00 ,570.00 
2024/12/5,566.00 ,591.80 ,585.00 ,544.00 ,570.00 ,570.00 ,570.00 
2024/12/6,562.00 ,576.00 ,576.00 ,539.00 ,565.00 ,565.00 ,564.00 
2024/12/9,555.00 ,576.00 ,568.00 ,532.00 ,560.00 ,560.00 ,561.00 
2024/12/10,549.00 ,570.00 ,561.00 ,525.00 ,557.00 ,557.00 ,559.00 
2024/12/11,555.00 ,583.00 ,570.00 ,532.00 ,565.00 ,565.00 ,554.00 
2024/12/12,565.00 ,583.00 ,570.00 ,542.00 ,573.00 ,573.00 ,559.00 
2024/12/13,562.00 ,595.00 ,568.00 ,539.00 ,573.00 ,573.00 ,567.00 
2024/12/16,567.00 ,585.30 ,573.00 ,543.00 ,573.00 ,573.00 ,565.00 
2024/12/17,567.00 ,587.00 ,586.00 ,545.00 ,570.00 ,570.00 ,565.00 
2024/12/18,568.00 ,586.00 ,579.00 ,547.00 ,571.00 ,571.00 ,565.00 
2024/12/19,537.00 ,574.00 ,570.00 ,542.00 ,569.00 ,569.00 ,568.00 
